MDD_syn_ID,MDD_species,MDD_root_name,MDD_author,MDD_year,MDD_authority_parentheses,MDD_nomenclature_status,MDD_validity,MDD_original_combination,MDD_normalized_original_combination,MDD_original_rank,MDD_authority_citation,MDD_unchecked_authority_citation,MDD_sourced_unverified_citations,MDD_citation_group,MDD_citation_kind,MDD_authority_page,MDD_authority_link,MDD_authority_page_link,MDD_unchecked_authority_page_link,MDD_old_type_locality,MDD_original_type_locality,MDD_unchecked_type_locality,MDD_emended_type_locality,MDD_type_latitude,MDD_type_longitude,MDD_type_country,MDD_type_subregion,MDD_type_subregion2,MDD_holotype,MDD_type_kind,MDD_type_specimen_link,MDD_order,MDD_family,MDD_genus,MDD_specificEpithet,MDD_subspecificEpithet,MDD_variant_of,MDD_senior_homonym,MDD_variant_name_citations,Hesp_id,MDD_species_id,MDD_name_usages,MDD_comments
100021407,Chaetocauda sichuanensis,sichuanensis,Wang Youzhi,1985,0,available,species,Chaetocauda sichuanensis,Chaetocauda sichuanensis,species,"Wang, Y.-z. 1985. A new genus and species of Gliridae—_Chaetocauda sichuanensis_ gen. et sp. nov. Acta Theriologica Sinica 5(1):67-75.",NA,,Acta Theriologica Sinica,electronic,67,,,,"Wang-lang Nature Reserve, [2480 m,] Pingwu county, northern Sichuan Province, China.","Wang-lang Natural reserve, Pinwu county, Northern Sichuan","""China, N Sichuan Sheng, Pinwu county, Wang-lang Natural Reserve"" (Holden, 2005)",,,,China,Sichuan,,,holotype,,Rodentia,Gliridae,Chaetocauda,sichuanensis,NA,,,,63396,1001522,"Corbet & Hill (1991:197) (information at https://hesperomys.com/a/63070) | Holden (2005) (information at https://hesperomys.com/a/8525) | Smith & Xie (2008:197) (information at https://hesperomys.com/a/64149) | Wilson, Lacher & Mittermeier (2016:857) (information at https://hesperomys.com/a/59599) | Mammal Diversity Database (2018:ID #6860) (information at https://hesperomys.com/a/67336) | Mammal Diversity Database (2019:ID #6860) (information at https://hesperomys.com/a/67337) | Mammal Diversity Database (2024, https://www.mammaldiversity.org/taxon/1001522) (information at https://hesperomys.com/a/67250) | International Union for the Conservation of Nature (2024, https://www.iucnredlist.org/species/6860/22222574) (information at https://hesperomys.com/a/67246)",
100058342,Chaetocauda sichuanensis,sichuanensis,Holden,1993,1,name_combination,synonym,Dryomys sichuanensis,Dryomys sichuanensis,species,"Holden, M.E. 1993. Family Myoxidae. Pp. 763–770 in Wilson, D.E. and Reeder, D.M. (eds.). Mammal Species of the World: A Taxonomic and Geographic Reference. Second edition. Smithsonian Institution Press, Washington, 1206 pp.",NA,,Washington,electronic,766,,,,,,,,,,,,,,,,Rodentia,Gliridae,Chaetocauda,sichuanensis,NA,"Chaetocauda sichuanensis Wang Youzhi, 1985 [100021407]",,,133932,1001522,Holden (1993:766) (information at https://hesperomys.com/a/69027),
100021408,Dryomys laniger,laniger,Felten & Storch,1968,0,available,species,Dryomys laniger,Dryomys laniger,species,"Felten, H. and Storch, G. 1968-12-20. Eine neue Schläfer-Art, _Dryomys laniger_ n. sp. aus Kleinasien (Rodentia: Gliridae). Senckenbergiana biologica 49(6):429-435.",NA,,Senckenbergiana biologica,electronic,429,,,,"Çiğlikara, 2000 m, Bey Mountains, Antalya, Turkey.","Çiğlikara, Bey-Gebirge, 2000 m ü. NN, ca. 45 Straßenkilometer (ca. 20 km Luftlinie) SSE Elmali, Provinz Antalya, Türkei","""Ciglikara ... Türkei: Antalya"" (Anonymous, 2023) | ""Turkey, Antalya Prov., 20 km S.S.E. Elmali, Bey Mtns., Ciglikara, 2000 m."" (Honacki, Kinman & Koeppl, 1982) | ""Turkey, Antalya Prov., 20 km SSE Elmali, Bey Mtns, Ciglikara, 2000 m"" (Holden, 2005) | ""Çiğlikara, Bey Mts (2000 m), 20 km S.S.E. of Elmali, Antalya Prov., Asiatic Turkey"" (Corbet, 1978)",,,,Turkey,,,SMF:MAMM:33830,holotype,,Rodentia,Gliridae,Dryomys,laniger,NA,,,,63405,1001523,"Corbet & Hill (1980:186) (information at https://hesperomys.com/a/63069) | Honacki, Kinman & Koeppl (1982:560) (information at https://hesperomys.com/a/63071) | Corbet & Hill (1991:197) (information at https://hesperomys.com/a/63070) | Holden (1993:766) (information at https://hesperomys.com/a/69027) | Holden (2005) (information at https://hesperomys.com/a/8525) | Wilson, Lacher & Mittermeier (2016:859) (information at https://hesperomys.com/a/59599) | Mammal Diversity Database (2018:ID #6859) (information at https://hesperomys.com/a/67336) | Mammal Diversity Database (2019:ID #6859) (information at https://hesperomys.com/a/67337) | Mammal Diversity Database (2024, https://www.mammaldiversity.org/taxon/1001523) (information at https://hesperomys.com/a/67250) | International Union for the Conservation of Nature (2024, https://www.iucnredlist.org/species/6859/78318542) (information at https://hesperomys.com/a/67246)",
100021409,Dryomys niethammeri,niethammeri,Holden,1996,0,available,species,Dryomys niethammeri,Dryomys niethammeri,species,"Holden, M.E. 1996. Description of a new species of _Dryomys_ (Rodentia, Myoxidae) from Balochistan, Pakistan, including morphological comparisons with _Dryomys laniger_ Felten & Storch, 1968, and _D. nitedula_ (Pallas, 1778). Bonner zoologische Beiträge 46(1-4):111-131.",NA,,Bonner zoologische Beiträge,electronic,116,https://www.biodiversitylibrary.org/part/120122,https://www.biodiversitylibrary.org/page/44832968,,"one mile east of Ziarat, [30.25 N, 67.49 E, above 2591 m,] Balochistan Province, Pakistan.","Pakistan: Balochistan province; 1 mi E of Ziarat (30.25 N, 67.49 E).","""1 mile east of Ziarat"" (Natural History Museum, 2014) | ""Pakistan, Baluchistan Prov., 1 mi. (1.6 km) E of Ziarat"" (Holden, 2005) | ""Ziarat, 1 mile E of, Murri District, Bugti (Sibi), 0°25'N 67°49'E"" (Natural History Museum, 2014) | ""Ziarat, 1 mile East of, Murri District, Bugti (Sibi), 0°25'N 67°49'E"" (Natural History Museum, 2014)",,30.41666667,67.81666667,Pakistan,Balochistan,,BMNH:Mamm:1979.688,holotype,https://data.nhm.ac.uk/object/3b89eaa0-ccef-430d-bc04-2c228adc9050 | https://data.nhm.ac.uk/object/4d7b3c08-a4fd-438d-bea6-fd025ff4c818 | https://data.nhm.ac.uk/object/5e379b7b-67db-4cb6-b2c1-f99f644d809a,Rodentia,Gliridae,Dryomys,niethammeri,NA,,,,63406,1001524,"Holden (2005) (information at https://hesperomys.com/a/8525) | Wilson, Lacher & Mittermeier (2016:859) (information at https://hesperomys.com/a/59599) | Mammal Diversity Database (2018:ID #40767) (information at https://hesperomys.com/a/67336) | Mammal Diversity Database (2019:ID #40767) (information at https://hesperomys.com/a/67337) | Mammal Diversity Database (2024, https://www.mammaldiversity.org/taxon/1001524) (information at https://hesperomys.com/a/67250) | International Union for the Conservation of Nature (2024, https://www.iucnredlist.org/species/40767/22223133) (information at https://hesperomys.com/a/67246)",
100021410,Dryomys nitedula,nitedula,Pallas,1779,1,available,species,Mus nitedula,Mus nitedula,species,"Pallas, P.S. 1779. Fasciculus II. Pp. 71–388 in Pallas, P.S. 1778-1779. Novae species quadrupedum e glirium ordine cum illustrationibus variis complurium ex hoc ordine animalium. Wolfgang Walther, Erlangen, 388 pp.",NA,,Erlangen,electronic,88,https://www.biodiversitylibrary.org/page/15494899,https://www.biodiversitylibrary.org/page/15494916,,"Kazan region, near Volga River, Republic of Tatarstan.","Apud Russos tantum in quercetis Casaniensibus, ad Volgam & in Parva Russia notum animalculum","""Region of Lower Volga, Russia."" (Ellerman & Morrison-Scott, 1966) | ""Russia, lower Volga River"" (Holden, 2005) | ""U.S.S.R., Tatarsk. A.S.S.R. (=Kazansk. Obi.), Volga River."" (Honacki, Kinman & Koeppl, 1982)",,,,Russia,,,,,,Rodentia,Gliridae,Dryomys,nitedula,NA,,,,63407,1001525,,
100021411,Dryomys nitedula,dryas,von Schreber,1782,1,available,synonym,Myoxus dryas,Myoxus dryas,species,"Schreber, J.C.D. von. 1782. pl. 225B. P. pl. 225B in Schreber, J.C.D. von. 1774-1855. Die Säugthiere in Abbildungen nach der Natur, mit Beschreibungen. Walther, Erlangen.",NA,,Die Säugthiere in Abbildungen nach der Natur,electronic,pl. 225B,https://www.biodiversitylibrary.org/page/31059568,https://www.biodiversitylibrary.org/page/31059568,,,,"""Region of Lower Volga."" (Ellerman & Morrison-Scott, 1966) | ""aus einer Gegend in Rußland an der untern Wolga"" (Schreber, 1787)",,,,Russia,,,,,,Rodentia,Gliridae,Dryomys,nitedula,NA,,,,63415,1001525,"Gmelin (1788:156, https://www.biodiversitylibrary.org/page/25751376) (information at https://hesperomys.com/a/35943) | Kerr (1792:271, https://www.biodiversitylibrary.org/page/38664295) (information at https://hesperomys.com/a/36283) | Turton (1802:97, https://www.biodiversitylibrary.org/page/25772953) (information at https://hesperomys.com/a/69249) | Goldfuss (1809:128, https://www.biodiversitylibrary.org/page/47497962) (information at https://hesperomys.com/a/34654) | Fischer (1814:vi, https://www.biodiversitylibrary.org/page/29130067) (information at https://hesperomys.com/a/12226) | Illiger (1815:62, https://www.biodiversitylibrary.org/page/11080918) (information at https://hesperomys.com/a/38688) | Muirhead (1819:434) (information at https://hesperomys.com/a/69481) | Schinz (1821:282, https://www.biodiversitylibrary.org/page/51529043) (information at https://hesperomys.com/a/37604) | Desmarest (1822:295, https://www.biodiversitylibrary.org/page/39521745) (information at https://hesperomys.com/a/36189) | Lesson (1827:274, https://www.biodiversitylibrary.org/page/54207741) (information at https://hesperomys.com/a/36839) | Fischer (1829:309) (information at https://hesperomys.com/a/59856) | Wagler (1830:19, https://www.biodiversitylibrary.org/page/38965765) (information at https://hesperomys.com/a/56273) | Ménétries (1832:23, https://www.biodiversitylibrary.org/page/41529508) (information at https://hesperomys.com/a/69276) | Nordmann (1839:53, https://www.biodiversitylibrary.org/page/63252015) (information at https://hesperomys.com/a/69245) | Danford & Alston (1880:60, https://www.biodiversitylibrary.org/page/28522164) (information at https://hesperomys.com/a/68533) | Schulze (1897:87) (information at https://hesperomys.com/a/60594) | Holden (2005) (information at https://hesperomys.com/a/8525)",
100052821,Dryomys nitedula,nitidula,Boddaert,1785,1,incorrect_subsequent_spelling,synonym,Mus Nitidula,Mus nitidula,species,"Boddaert, P. 1785. Elenchus Animalium. Volumen I. Sistens quadrupedia huc usque nota, eorumque varietates. C.R. Hake, Rotterdam, 174 pp.",NA,,Rotterdam,electronic,110,https://www.biodiversitylibrary.org/item/89677,https://www.biodiversitylibrary.org/page/28230074,,,,,,,,,,,,,,Rodentia,Gliridae,Dryomys,nitedula,,"Mus nitedula Pallas, 1779 [100021410]",,,125568,1001525,"Boddaert (1785:110, https://www.biodiversitylibrary.org/page/28230074) (information at https://hesperomys.com/a/35384)",
100021412,Dryomys nitedula,pictus,Blanford,1875,1,available,synonym,Myoxus pictus,Myoxus pictus,species,"Blanford, W.T. 1875-11-01. Descriptions of new Mammalia from Persia and Balúchistan. Annals and Magazine of Natural History (4)16(95):309-313.",NA,,Annals and Magazine of Natural History,electronic,311,https://www.biodiversitylibrary.org/part/62966,https://www.biodiversitylibrary.org/page/25128193,,,ad Kohrud in Media (Persia hodierna septentrionali),"""Khorud, N. Ispahan, [=Persia], Iran [brackets original]"" (Khajuria, Chaturvedi & Ghoshal, 1977) | ""Kohrud, south of Caspian Sea, Persia. Range: Persia, Afghanistan, North-West Frontier (India)."" (Ellerman & Morrison-Scott, 1966)",,,,Iran,,,ZSI 3077,syntypes,,Rodentia,Gliridae,Dryomys,nitedula,NA,,,,63423,1001525,Holden (2005) (information at https://hesperomys.com/a/8525),
100021413,Dryomys nitedula,intermedius,Nehring,1902,1,available,synonym,Myoxus intermedius,Myoxus intermedius,species,"Nehring, A. 1902. Herr A. Nehring sprach über eine neue _Myoxus_-Species (_Myoxus intermedius_ Nhrg.) aus Tirol. Sitzungsberichte der Gesellschaft Naturforschender Freunde zu Berlin 1902:155-158.",NA,,Sitzungsberichte der Gesellschaft Naturforschender Freunde zu Berlin,electronic,155,https://www.biodiversitylibrary.org/page/7931315,https://www.biodiversitylibrary.org/page/7931315,,,Tirol | aus der Umgegend von Lienz in Tirol,"""Near Lienz, Tyrol, Austria. Range apparently includes Yugoslavia (part) and Zuberec, Hungary (? Slovakia)."" (Ellerman & Morrison-Scott, 1966)",,,,Austria,Tyrol,,,holotype,,Rodentia,Gliridae,Dryomys,nitedula,NA,,,,63416,1001525,Holden (2005) (information at https://hesperomys.com/a/8525),
100021414,Dryomys nitedula,wingei,Nehring,1902,1,available,synonym,Myoxus nitedula Wingei,Myoxus nitedula wingei,subspecies,"Nehring, A. 1902. Herr A. Nehring sprach über einige griechische Nager. Sitzungsberichte der Gesellschaft Naturforschender Freunde zu Berlin 1902:1-7.",NA,,Sitzungsberichte der Gesellschaft Naturforschender Freunde zu Berlin,electronic,5,https://www.biodiversitylibrary.org/page/7931190,https://www.biodiversitylibrary.org/page/7931186,,,am Parnass,"""Parnassus region, Greece. Perhaps = the typical race."" (Ellerman & Morrison-Scott, 1966)",,,,Greece,Central Greece,,,holotype,,Rodentia,Gliridae,Dryomys,nitedula,NA,,,,63429,1001525,Holden (2005) (information at https://hesperomys.com/a/8525),
100058358,Dryomys nitedula,nitedula,Satunin,1905,1,name_combination,synonym,Myoxus nitedula,Myoxus nitedula,species,"Satunin, K.A. 1905. Обзоръ млекопитающихъ закаспійской области. Записки Кавказского отдела Русского географического общества 25(3):1-56.",NA,,Записки Кавказского отдела Русского географического общества,electronic,26,https://books.google.com/books?id=WL46AQAAIAAJ&pg=RA2-PP1,,,,,,,,,,,,,,,Rodentia,Gliridae,Dryomys,nitedula,NA,"Mus nitedula Pallas, 1779 [100021410]",,,133949,1001525,"Satunin (1905:26) (information at https://hesperomys.com/a/69041) | Satunin (1906:178, 334, https://www.biodiversitylibrary.org/page/58456384, https://www.biodiversitylibrary.org/page/58456540) (information at https://hesperomys.com/a/69040)",
100021415,Dryomys nitedula,angelus,O. Thomas,1906,1,available,synonym,Eliomys (Dryomys) angelus,Eliomys angelus,species,"Thomas, O. 1906-04-01. New Asiatic mammals of the genera _Kerivoula_, _Eliomys_, and _Lepus_. Annals and Magazine of Natural History (7)17(100):423-426.",NA,,Annals and Magazine of Natural History,electronic,424,https://www.biodiversitylibrary.org/part/59382,https://www.biodiversitylibrary.org/page/19245642,,,Thian Shan,"""Russian Tianshan Mountains, probably near Przewalsk."" (Ellerman & Morrison-Scott, 1966)",,,,Kazakhstan,,,,holotype,,Rodentia,Gliridae,Dryomys,nitedula,NA,,,,63408,1001525,"Kashkarov (1923:211, https://books.google.com/books?id=DGPEEAAAQBAJ&pg=PA211) (information at https://hesperomys.com/a/69098) | Holden (2005) (information at https://hesperomys.com/a/8525)",
100055350,Dryomys nitedula,nitidulus,O. Thomas,1906,1,incorrect_subsequent_spelling,synonym,Eliomys (Dryomys) nitidulus,Eliomys nitidulus,species,"Thomas, O. 1906-04-05. The Duke of Bedford's zoological exploration in eastern Asia.-I. List of mammals obtained by Mr. M. P. Anderson in Japan. Proceedings of the Zoological Society of London 1905-II(2):331-363.",NA,,Proceedings of the Zoological Society of London,electronic,348,https://www.biodiversitylibrary.org/part/72509,https://www.biodiversitylibrary.org/page/31888081,,,,,,,,,,,,,,Rodentia,Gliridae,Dryomys,nitedula,,"Mus nitedula Pallas, 1779 [100021410]",,,129655,1001525,"Thomas (1906:348, https://www.biodiversitylibrary.org/page/31888081) (information at https://hesperomys.com/a/14049)",
100058359,Dryomys nitedula,pictus,Satunin,1906,1,name_combination,synonym,Myoxus nitedula pictus,Myoxus nitedula pictus,subspecies,"Satunin, K.A. 1906-11. Шекошгтаюпця Талыша и Мугани. Mitteilungen des Kaukasischen Museums 2(2-4):87-394.",NA,,Mitteilungen des Kaukasischen Museums,electronic,"178, 334",https://www.biodiversitylibrary.org/page/58456293,https://www.biodiversitylibrary.org/page/58456384 | https://www.biodiversitylibrary.org/page/58456540,,,,,,,,,,,,,,Rodentia,Gliridae,Dryomys,nitedula,NA,"Myoxus pictus Blanford, 1875 [100021412]",,,133950,1001525,"Satunin (1906:178, 334, https://www.biodiversitylibrary.org/page/58456384, https://www.biodiversitylibrary.org/page/58456540) (information at https://hesperomys.com/a/69040)",
100031527,Dryomys nitedula,phrygius,O. Thomas,1907,1,available,synonym,Dyromys nitedula phrygius,Dyromys nitedula phrygius,subspecies,"Thomas, O. 1907-11-01. On a new dormouse from Asia Minor, with remarks on the subgenus ""_Dryomys""_. Annals and Magazine of Natural History (7)20(119):406-407.",NA,,Annals and Magazine of Natural History,electronic,407,https://www.biodiversitylibrary.org/page/24254274,https://www.biodiversitylibrary.org/page/24254275,,,"Murad Dagh, Ushak Province, Asia Minor (Mount Dindymus, Phrygia, of classical maps). Altitude 7500'.","""Murad Dagh, Ushak Province, 7,500 ft., Asia Minor."" (Ellerman & Morrison-Scott, 1966) | ""Murad Dagh, [Ushak Province] [Mt.Dindymus, Phrygia in class.maps], 7500 ft. Asia Minor. [brackets original]"" (Natural History Museum, 2014) | ""Uşak, Murat Dağı, Turkey."" (Kryštufek & Vohralík, 2009)",,,,Turkey,,,BMNH:Mamm:1905.10.6.1,holotype,https://data.nhm.ac.uk/object/3476ed16-c076-40a7-b222-ac8da53ba3cd,Rodentia,Gliridae,Dryomys,nitedula,,,,,63422,1001525,Holden (2005) (information at https://hesperomys.com/a/8525),
100021416,Dryomys nitedula,robustus,G. S. Miller,1910,1,available,synonym,Dyromys robustus,Dyromys robustus,species,"Miller, G.S., Jr. 1910-11-01. Descriptions of six new European mammals. Annals and Magazine of Natural History (8)6(35):458-461.",NA,,Annals and Magazine of Natural History,electronic,459,https://www.biodiversitylibrary.org/page/18619699,https://www.biodiversitylibrary.org/page/18619700,,,"Rustchuk, Bulgaria","""Rustchuk, Bulgaria."" (Ellerman & Morrison-Scott, 1966)",,,,Bulgaria,,,,holotype,,Rodentia,Gliridae,Dryomys,nitedula,NA,,,,63425,1001525,"Miller (1912:572, https://www.biodiversitylibrary.org/page/8421891) (information at https://hesperomys.com/a/5948) | Holden (2005) (information at https://hesperomys.com/a/8525)",
100050952,Dryomys nitedula,intermedius,G. S. Miller,1912,1,name_combination,synonym,Dyromys nitedula intermedius,Dyromys nitedula intermedius,subspecies,"Miller, G.S., Jr. 1912. Catalogue of the mammals of western Europe (Europe exclusive of Russia) in the collections of the British Museum. British Museum (Natural History), London, 1019 pp.",NA,,British Museum Catalogue,electronic,569,https://www.biodiversitylibrary.org/item/34559,https://www.biodiversitylibrary.org/page/8421888,,,,,,,,,,,,,,Rodentia,Gliridae,Dryomys,nitedula,,"Myoxus intermedius Nehring, 1902 [100021413]",,,123487,1001525,"Miller (1912:569, https://www.biodiversitylibrary.org/page/8421888) (information at https://hesperomys.com/a/5948)",
100050954,Dryomys nitedula,nitedula,G. S. Miller,1912,1,name_combination,synonym,Dyromys nitedula,Dyromys nitedula,species,"Miller, G.S., Jr. 1912. Catalogue of the mammals of western Europe (Europe exclusive of Russia) in the collections of the British Museum. British Museum (Natural History), London, 1019 pp.",NA,,British Museum Catalogue,electronic,567,https://www.biodiversitylibrary.org/item/34559,https://www.biodiversitylibrary.org/page/8421886,,,,,,,,,,,,,,Rodentia,Gliridae,Dryomys,nitedula,,"Mus nitedula Pallas, 1779 [100021410]",,,123489,1001525,"Miller (1912:567, https://www.biodiversitylibrary.org/page/8421886) (information at https://hesperomys.com/a/5948) | Kuznetsov (1932:86) (information at https://hesperomys.com/a/68874)",
100050951,Dryomys nitedula,nitedula,G. S. Miller,1912,1,name_combination,synonym,Dyromys nitedula nitedula,Dyromys nitedula nitedula,subspecies,"Miller, G.S., Jr. 1912. Catalogue of the mammals of western Europe (Europe exclusive of Russia) in the collections of the British Museum. British Museum (Natural History), London, 1019 pp.",NA,,British Museum Catalogue,electronic,568,https://www.biodiversitylibrary.org/item/34559,https://www.biodiversitylibrary.org/page/8421887,,,,,,,,,,,,,,Rodentia,Gliridae,Dryomys,nitedula,,"Mus nitedula Pallas, 1779 [100021410]",,,123486,1001525,"Miller (1912:568, https://www.biodiversitylibrary.org/page/8421887) (information at https://hesperomys.com/a/5948)",
100050953,Dryomys nitedula,wingei,G. S. Miller,1912,1,name_combination,synonym,Dyromys nitedula wingei,Dyromys nitedula wingei,subspecies,"Miller, G.S., Jr. 1912. Catalogue of the mammals of western Europe (Europe exclusive of Russia) in the collections of the British Museum. British Museum (Natural History), London, 1019 pp.",NA,,British Museum Catalogue,electronic,570,https://www.biodiversitylibrary.org/item/34559,https://www.biodiversitylibrary.org/page/8421889,,,,,,,,,,,,,,Rodentia,Gliridae,Dryomys,nitedula,,"Myoxus nitedula wingei Nehring, 1902 [100021414]",,,123488,1001525,"Miller (1912:570, https://www.biodiversitylibrary.org/page/8421889) (information at https://hesperomys.com/a/5948)",
100021417,Dryomys nitedula,milleri,O. Thomas,1912,1,available,synonym,Dyromys milleri,Dyromys milleri,species,"Thomas, O. 1912-04-01. On mammals from central Asia, collected by Mr. Douglas Carruthers. Annals and Magazine of Natural History (8)9(52):391-408.",NA,,Annals and Magazine of Natural History,electronic,394,https://www.biodiversitylibrary.org/page/18639148,https://www.biodiversitylibrary.org/page/18639151,,,"Bogdo-ola Mts., S.E. Dzungaria. 5000'.","""Bogdo-Ola Mountains, Zungaria, Chinese Central Asia."" (Ellerman & Morrison-Scott, 1966) | ""Bogdo-Ola Mts., S.E. Dzungaria. Chinese Central Asia.?5000ft"" (Natural History Museum, 2014)",,,,China,Xinjiang,,BMNH:Mamm:1912.4.1.43,holotype,https://data.nhm.ac.uk/object/05fe5911-6b71-46e6-b423-387a31cdec3b,Rodentia,Gliridae,Dryomys,nitedula,NA,,,,63418,1001525,Holden (2005) (information at https://hesperomys.com/a/8525),
100021418,Dryomys nitedula,tichomirovi,Satunin,1920,0,available,synonym,Dryomys nitedula tichomirovi,Dryomys nitedula tichomirovi,subspecies,,"Trav. Mus. Georg. Tiflis, 2: 161.","""Trav. Mus. Georg. Tiflis, 2: 161."" (Ellerman & Morrison-Scott, 1966)",Trav. Mus. Georg. Tiflis,,161,,,,,,"""Tbilisi, Tiflis, Transcaucasia."" (Ellerman & Morrison-Scott, 1966)",,,,Georgia,,,,,,Rodentia,Gliridae,Dryomys,nitedula,NA,,,,63428,1001525,Shidlovskiy (1962:81) (information at https://hesperomys.com/a/68819),
100021419,Dryomys nitedula,obolenskii,Ognev & Vorob'yev,1923,1,available,synonym,Dyromys nitedula obolenskii,Dyromys nitedula obolenskii,subspecies,"Ognev, S.I. and Vorob'yev, K.A. 1923. Фауна наземных позвоночных Воронежкой губернии. Новая Деревня, Moscow, 254 pp.",NA,,Moscow,electronic (incomplete),129,https://zmmu.msu.ru/dbs/pdf/dry_n_obolenskii.pdf,,,,"Хреновской бор, Бобровский уезд, Воронежской г.","""Kherson pine forest, Voronej Province, Russia. Range: Ukraine, Orlovsk, Kursk, Voronej, Ryazan, Tambov Provinces, Russia."" (Ellerman & Morrison-Scott, 1966) | ""«Khrenovskiy pine-forest, Bobrovskiy Ud., Voronezhskaiya Gov.» [Bobrovskiy Distr., Voronezhskaiya Obl., Russia]."" (Borisenko, Vasil'yeva, Verigina, Dunayev, Kalyakin, Koblik, Kruskop, Orlova, Pavlinov, Red'kin, Sazonov, Spasskaya & Tomkovich, 2001)",,,,Russia,Voronezh Oblast,,ZMMU S-21970,lectotype,https://zmmu.msu.ru/dbs/list_record.php?id=S-21970,Rodentia,Gliridae,Dryomys,nitedula,NA,,,,63419,1001525,Holden (2005) (information at https://hesperomys.com/a/8525),
100021420,Dryomys nitedula,carpathicus,Brohmer,1927,1,available,synonym,Dyromys nitedula carpathicus,Dyromys nitedula carpathicus,subspecies,,"Die Tierw. Mitt. Europ. 7, 3: 32","""Die Tierw. Mitt. Europ. 7, 3: 32"" (Ellerman & Morrison-Scott, 1966)",book,,32,,,,,,"""Upper Silesia."" (Ellerman & Morrison-Scott, 1966)",,,,Poland,,,,,,Rodentia,Gliridae,Dryomys,nitedula,NA,,,,63411,1001525,Holden (2005) (information at https://hesperomys.com/a/8525),
100021421,Dryomys nitedula,ognevi,Heptner & Formozov,1928,1,available,synonym,Dyromys nitedula ognevi,Dyromys nitedula ognevi,subspecies,,Zool. Anz. jy: 278,"""Zool. Anz. jy: 278"" (Ellerman & Morrison-Scott, 1966)",Zoologischer Anzeiger,,278,,,,,,"""Akhtui, River Samur, Southern Daghcstan, 4,000 ft., Caucasus."" (Ellerman & Morrison-Scott, 1966) | ""[aul Akhty na r. Samur, Yuzh. Dagestan]"" (Baranova & Gromov, 2003)",,,,Russia,Dagestan,,ZIN S. 52710,holotype,,Rodentia,Gliridae,Dryomys,nitedula,NA,,,,63420,1001525,Holden (2005) (information at https://hesperomys.com/a/8525),
100021422,Dryomys nitedula,bilkjewiczi,Ognev & Heptner,1928,1,available,synonym,Dyromys nitedula bilkjewiczi,Dyromys nitedula bilkjewiczi,subspecies,"Ognev, S.I. and Heptner, V.G. 1928. Einige Mittelungen über die Säugetiere des mittleren Kopet-Dag und der anliegenden Ebene (Russisch-Turkestan). Zoologischer Anzeiger 75(11):258-266.",NA,,Zoologischer Anzeiger,electronic,265,https://zmmu.msu.ru/dbs/pdf/ognev_heptner_1928.pdf,,,,"Dorf Mikhailovsky (Germab) im Kopet-Dag, 70 Werst WSW von Askhabad","""According to Kuznetzov the type locahty is near Germab, Turkmenia. Range: Kopet-Dag Mountains, South-Western Turkestan."" (Ellerman & Morrison-Scott, 1966) | ""«Germab Sett. (Mikhaylovskiy), 75 km WSW of Ashkhabad, Kopet-Dagh» [GeokTepinskiy Distr., Akhalskiy Vel., Turkmenistan]."" (Borisenko, Vasil'yeva, Verigina, Dunayev, Kalyakin, Koblik, Kruskop, Orlova, Pavlinov, Red'kin, Sazonov, Spasskaya & Tomkovich, 2001)",,,,Turkmenistan,,,ZMMU S-21974,holotype,https://zmmu.msu.ru/dbs/list_record.php?id=S-21974,Rodentia,Gliridae,Dryomys,nitedula,NA,,,,63410,1001525,Holden (2005) (information at https://hesperomys.com/a/8525),
100021423,Dryomys nitedula,caucasicus,Ognev & Turov,1935,1,available,synonym,Dyromys nitedula caucasicus,Dyromys nitedula caucasicus,subspecies,"Ognev, S.I. and Turov, S.S. 1935. Review the dormice of the genus _Dyromys_ of Russian fauna. Ученые записки Московского государственного университета 4:96-105.",NA,,Ученые записки Московского государственного университета,electronic,98,,,,,Okrestnosti st. Tarskoy v 6 km k yugo-vostoku ot g. Vladikazvkaza,"""Environs of Tarskaja Station, former Tersk Province, Northern"" (Ellerman & Morrison-Scott, 1966) | ""«Tarskaya stanitsa, SE of Vladikavkaz» [North Osetia – Alanya, Russia]."" (Borisenko, Vasil'yeva, Verigina, Dunayev, Kalyakin, Koblik, Kruskop, Orlova, Pavlinov, Red'kin, Sazonov, Spasskaya & Tomkovich, 2001)",,,,Russia,North Ossetia,,ZMMU S-21982,holotype,https://zmmu.msu.ru/dbs/list_record.php?id=S-21982,Rodentia,Gliridae,Dryomys,nitedula,NA,,,,63412,1001525,Holden (2005) (information at https://hesperomys.com/a/8525),
100021424,Dryomys nitedula,dagestanicus,Ognev & Turov,1935,1,available,synonym,Dyromys nitedula dagestanicus,Dyromys nitedula dagestanicus,subspecies,"Ognev, S.I. and Turov, S.S. 1935. Review the dormice of the genus _Dyromys_ of Russian fauna. Ученые записки Московского государственного университета 4:96-105.",NA,,Ученые записки Московского государственного университета,electronic,98,,,,,"Orkestnosti Khasav-Yurta, Dagestan","""Khasav-Yurt, Daghcstan, Claucasus."" (Ellerman & Morrison-Scott, 1966) | ""«Vicinity of Khasav-Yurt, Daghestan» [Russia]."" (Borisenko, Vasil'yeva, Verigina, Dunayev, Kalyakin, Koblik, Kruskop, Orlova, Pavlinov, Red'kin, Sazonov, Spasskaya & Tomkovich, 2001)",,,,Russia,Dagestan,,ZMMU S-21946,holotype,https://zmmu.msu.ru/dbs/list_record.php?id=S-21946,Rodentia,Gliridae,Dryomys,nitedula,NA,,,,63413,1001525,,
100021425,Dryomys nitedula,kurdistanicus,Ognev & Turov,1935,1,available,synonym,Dyromys nitedula kurdistanicus,Dyromys nitedula kurdistanicus,subspecies,"Ognev, S.I. and Turov, S.S. 1935. Review the dormice of the genus _Dyromys_ of Russian fauna. Ученые записки Московского государственного университета 4:96-105.",NA,,Ученые записки Московского государственного университета,electronic,101,,,,,"Kurdistan, r. Terter, s. Kel'vadzhary","""River Terter, Western Azerbaijan. Range: mountains of South-Eastern Transcaucasia. Kuznetzov thinks it may be identical with D. n. picta."" (Ellerman & Morrison-Scott, 1966) | ""«Kel'vadzhary village, Terter R., Kurdistan» [= Kel'badzhar; Azerbaijan]."" (Borisenko, Vasil'yeva, Verigina, Dunayev, Kalyakin, Koblik, Kruskop, Orlova, Pavlinov, Red'kin, Sazonov, Spasskaya & Tomkovich, 2001)",,,,Azerbaijan,,,ZMMU S-7737,holotype,https://zmmu.msu.ru/dbs/list_record.php?id=S-7737,Rodentia,Gliridae,Dryomys,nitedula,NA,,,,63417,1001525,Holden (2005) (information at https://hesperomys.com/a/8525),
100021426,Dryomys nitedula,pallidus,Ognev & Turov,1935,1,available,synonym,Dyromys nitedula pallidus,Dyromys nitedula pallidus,subspecies,"Ognev, S.I. and Turov, S.S. 1935. Review the dormice of the genus _Dyromys_ of Russian fauna. Ученые записки Московского государственного университета 4:96-105.",NA,,Ученые записки Московского государственного университета,electronic,102,,,,,"Listvennyye zarosli r. Bosturgaya, b. Chimkentskiy u. Syr-Dar'niskoy oblasti","""Valley of River Boskurchai, Karatau Mountains, former province of Syr Darya, Russian Turkestan. Range: Usbekistan."" (Ellerman & Morrison-Scott, 1966) | ""«Bosturgay R., former Chimkentskiy Ud., Syr-Dar'inskaya Obl.» [Chimkentskaya Obl., Kazakhstan]."" (Borisenko, Vasil'yeva, Verigina, Dunayev, Kalyakin, Koblik, Kruskop, Orlova, Pavlinov, Red'kin, Sazonov, Spasskaya & Tomkovich, 2001)",,,,Kazakhstan,,,ZMMU S-15128,holotype,https://zmmu.msu.ru/dbs/list_record.php?id=S-15128,Rodentia,Gliridae,Dryomys,nitedula,NA,,,,63421,1001525,Holden (2005) (information at https://hesperomys.com/a/8525),
100021427,Dryomys nitedula,tanaiticus,Ognev & Turov,1935,1,available,synonym,Dyromys nitedula tanaiticus,Dyromys nitedula tanaiticus,subspecies,"Ognev, S.I. and Turov, S.S. 1935. Review the dormice of the genus _Dyromys_ of Russian fauna. Ученые записки Московского государственного университета 4:96-105.",NA,,Ученые записки Московского государственного университета,electronic,98,,,,,"Khut. Atamanskiy, bliz st. Tarasovskoy Yu.-B. zh. d., b. Donskoy oblasti","""Atamanovsky Khutor, Tarasovsky district, former Don Province, Russia."" (Ellerman & Morrison-Scott, 1966) | ""«Atamanskiy khutor, Tarasovskiy Distr., Donskaya Obl.» [Krasnodarskiy Krai, Russia]."" (Borisenko, Vasil'yeva, Verigina, Dunayev, Kalyakin, Koblik, Kruskop, Orlova, Pavlinov, Red'kin, Sazonov, Spasskaya & Tomkovich, 2001)",,,,Russia,Krasnodar Krai,,ZMMU S-21954,holotype,https://zmmu.msu.ru/dbs/list_record.php?id=S-21954,Rodentia,Gliridae,Dryomys,nitedula,NA,,,,63427,1001525,Holden (2005) (information at https://hesperomys.com/a/8525),
100021428,Dryomys nitedula,saxatilis,Rosanov,1935,1,available,synonym,Dyromys nitedula saxatilis,Dyromys nitedula saxatilis,subspecies,,Rep. Tadjik. Compl. Expcd. 'j^: 45-46. (N. V. Reference from Ognev.),"""Rep. Tadjik. Compl. Expcd. 'j^: 45-46. (N. V. Reference from Ognev.)"" (Ellerman & Morrison-Scott, 1966)",book,,45,,,,,,"""Round Darshar Post, Eastern Pamir Mountains."" (Ellerman & Morrison-Scott, 1966) | ""[kishlak Barshor na r. Pyandzh, Zap. Pamir]"" (Baranova & Gromov, 2003)",,,,Tajikistan,,,ZIN S. 23097,holotype,,Rodentia,Gliridae,Dryomys,nitedula,NA,,,,63426,1001525,Holden (2005) (information at https://hesperomys.com/a/8525),
100033352,Dryomys nitedula,daghestanicus,Ellerman & Morrison-Scott,1951,0,incorrect_subsequent_spelling,synonym,Dryomys nitedula daghestanicus,Dryomys nitedula daghestanicus,subspecies,"Ellerman, J.R., 2nd Baronet and Morrison-Scott, T.C.S. 1951. Checklist of Palaearctic and Indian Mammals 1758 to 1946. British Museum (Natural History), London, 810 pp.",NA,,London,electronic,546,https://www.biodiversitylibrary.org/item/35410,https://www.biodiversitylibrary.org/page/8722847,,,,,,,,,,,,,,Rodentia,Gliridae,Dryomys,nitedula,,"Dyromys nitedula dagestanicus Ognev & Turov, 1935 [100021424]",,,104394,1001525,Holden (2005) (information at https://hesperomys.com/a/8525),
100021429,Dryomys nitedula,ravijojla,"Paspalev, K. V. Martino, & Peshev",1952,0,available,synonym,Dryomys nitedula ravijojla,Dryomys nitedula ravijojla,subspecies,,"Paspalev, G.V., Martino, K.V. & Pechev, T.S. 1952. Sur certain rongeur du Massif Vitocha. God. Sof. Univ. Biol. Geol. Geogr. Fac. 47: 193-237. Paspaleff, G. v., Martino, K.V & Pecheff, C.C. (1952): Izsledvanija vrhu njakoi drebni grizaci na planinata Vitosa [Sur certain rongeurs du massif Vitocha]. Godisnik na Sofijskija Universitet 47/1 (Biologija): 193-237. [In Bulgarian with Russian and French summaries].",,Godisnik na Sofijskija Universitet,,193-237,,,,,,"""Senecki Suvati, Bistra Mts, Macedonia"" (Corbet, 1978) | ""Senecki suvati, Mt. Bistra, Republic of Macedonia."" (Kryštufek & Petkovski, 2003)",,,,North Macedonia,,,,,,Rodentia,Gliridae,Dryomys,nitedula,NA,,,,63424,1001525,Holden (2005) (information at https://hesperomys.com/a/8525),
100021430,Dryomys nitedula,diamesus,E. von Lehmann,1959,0,available,synonym,Dryomys nitedula diamesus,Dryomys nitedula diamesus,subspecies,"Lehmann, E. von. 1959. Eine Kleinsäugerausbeute aus Montenegro. Bonner zoologische Beiträge 10(1-2):1-20.",NA,,Bonner zoologische Beiträge,electronic,4,https://www.biodiversitylibrary.org/part/119332,https://www.biodiversitylibrary.org/page/44733505,,,"Ivanova Kurita (Montenegro, Jugoslawien)","""Ivanova Korita, Montenegro, Yugoslavia"" (Corbet, 1978) | ""Ivanova Kurita, Montenegro, former Yugoslavia"" (Hutterer & Peters, 2010)",,,,Montenegro,,,ZFMK:Mamm:1958.211,holotype,,Rodentia,Gliridae,Dryomys,nitedula,NA,,,,63414,1001525,Holden (2005) (information at https://hesperomys.com/a/8525),
100057555,Dryomys nitedula,caucasicus,Shidlovskiy,1962,0,name_combination,synonym,Dryomys nitedula caucasicus,Dryomys nitedula caucasicus,subspecies,"Shidlovskiy, M.V. 1962. Определитель грузинов Закавказья. Издательство Акаедьмии Наук Грузинской ССР, Tbilisi, 171 pp.",NA,,Tbilisi,electronic,81,,,,,,,,,,,,,,,,Rodentia,Gliridae,Dryomys,nitedula,,"Dyromys nitedula caucasicus Ognev & Turov, 1935 [100021423]",,,132990,1001525,Shidlovskiy (1962:81) (information at https://hesperomys.com/a/68819),
100057554,Dryomys nitedula,dagestanicus,Shidlovskiy,1962,0,name_combination,synonym,Dryomys nitedula dagestanicus,Dryomys nitedula dagestanicus,subspecies,"Shidlovskiy, M.V. 1962. Определитель грузинов Закавказья. Издательство Акаедьмии Наук Грузинской ССР, Tbilisi, 171 pp.",NA,,Tbilisi,electronic,81,,,,,,,,,,,,,,,,Rodentia,Gliridae,Dryomys,nitedula,,"Dyromys nitedula dagestanicus Ognev & Turov, 1935 [100021424]",,,132989,1001525,Shidlovskiy (1962:81) (information at https://hesperomys.com/a/68819),
100035781,Dryomys nitedula,nitedula,Shidlovskiy,1962,0,name_combination,synonym,Dryomys nitedula,Dryomys nitedula,species,"Shidlovskiy, M.V. 1962. Определитель грузинов Закавказья. Издательство Акаедьмии Наук Грузинской ССР, Tbilisi, 171 pp.",NA,,Tbilisi,electronic,79,,,,,,,,,,,,,,,,Rodentia,Gliridae,Dryomys,nitedula,,"Mus nitedula Pallas, 1779 [100021410]",,,107535,1001525,"Shidlovskiy (1962:79) (information at https://hesperomys.com/a/68819) | Đulić & Vidinić (1967:151) (information at https://hesperomys.com/a/68691) | Kurtén (1968:208) (information at https://hesperomys.com/a/5363) | Heller (1970:24) (information at https://hesperomys.com/a/68326) | Corbet & Hill (1980:186) (information at https://hesperomys.com/a/63069) | Honacki, Kinman & Koeppl (1982:560) (information at https://hesperomys.com/a/63071) | Corbet & Hill (1991:197) (information at https://hesperomys.com/a/63070) | Holden (1993:766) (information at https://hesperomys.com/a/69027) | Holden (2005) (information at https://hesperomys.com/a/8525) | O'Brien, Menninger & Nash (2006:316) (information at https://hesperomys.com/a/7321) | Smith & Xie (2008:197) (information at https://hesperomys.com/a/64149) | Gippoliti (2013:17) (information at https://hesperomys.com/a/25250) | Wilson, Lacher & Mittermeier (2016:858) (information at https://hesperomys.com/a/59599) | Mammal Diversity Database (2018:ID #6858) (information at https://hesperomys.com/a/67336) | Mammal Diversity Database (2019:ID #6858) (information at https://hesperomys.com/a/67337) | Mammal Diversity Database (2024, https://www.mammaldiversity.org/taxon/1001525) (information at https://hesperomys.com/a/67250) | International Union for the Conservation of Nature (2024, https://www.iucnredlist.org/species/6858/115084761) (information at https://hesperomys.com/a/67246)",
100057556,Dryomys nitedula,ognevi,Shidlovskiy,1962,0,name_combination,synonym,Dryomys nitedula ognevi,Dryomys nitedula ognevi,subspecies,"Shidlovskiy, M.V. 1962. Определитель грузинов Закавказья. Издательство Акаедьмии Наук Грузинской ССР, Tbilisi, 171 pp.",NA,,Tbilisi,electronic,81,,,,,,,,,,,,,,,,Rodentia,Gliridae,Dryomys,nitedula,,"Dyromys nitedula ognevi Heptner & Formozov, 1928 [100021421]",,,132991,1001525,Shidlovskiy (1962:81) (information at https://hesperomys.com/a/68819),
100057558,Dryomys nitedula,phrygius,Shidlovskiy,1962,0,name_combination,synonym,Dryomys nitedula phrygius,Dryomys nitedula phrygius,subspecies,"Shidlovskiy, M.V. 1962. Определитель грузинов Закавказья. Издательство Акаедьмии Наук Грузинской ССР, Tbilisi, 171 pp.",NA,,Tbilisi,electronic,81,,,,,,,,,,,,,,,,Rodentia,Gliridae,Dryomys,nitedula,,"Dyromys nitedula phrygius O. Thomas, 1907 [100031527]",,,132993,1001525,Shidlovskiy (1962:81) (information at https://hesperomys.com/a/68819),
100057557,Dryomys nitedula,pictus,Shidlovskiy,1962,0,name_combination,synonym,Dryomys nitedula picta,Dryomys nitedula picta,subspecies,"Shidlovskiy, M.V. 1962. Определитель грузинов Закавказья. Издательство Акаедьмии Наук Грузинской ССР, Tbilisi, 171 pp.",NA,,Tbilisi,electronic,81,,,,,,,,,,,,,,,,Rodentia,Gliridae,Dryomys,nitedula,,"Myoxus pictus Blanford, 1875 [100021412]",,,132992,1001525,Shidlovskiy (1962:81) (information at https://hesperomys.com/a/68819),
100057553,Dryomys nitedula,tanaiticus,Shidlovskiy,1962,0,name_combination,synonym,Dryomys nitedula tanaiticus,Dryomys nitedula tanaiticus,subspecies,"Shidlovskiy, M.V. 1962. Определитель грузинов Закавказья. Издательство Акаедьмии Наук Грузинской ССР, Tbilisi, 171 pp.",NA,,Tbilisi,electronic,81,,,,,,,,,,,,,,,,Rodentia,Gliridae,Dryomys,nitedula,,"Dyromys nitedula tanaiticus Ognev & Turov, 1935 [100021427]",,,132988,1001525,Shidlovskiy (1962:81) (information at https://hesperomys.com/a/68819),
100021431,Dryomys nitedula,aspromontis,E. von Lehmann,1964,0,available,synonym,Dryomys nitedula aspromontis,Dryomys nitedula aspromontis,subspecies,,"Sitzber. Ges. naturf. Freude Berl. (N.F.) 4: 33, fig. 2",,Sitzungsberichte der Gesellschaft Naturforschender Freunde zu Berlin,,33,,,,,,"""Gambarie d'Aspromonte, Calabria, Italy"" (Hutterer & Peters, 2010) | ""Gambarie d'Aspromonte, Calabria, Italy"" (Corbet, 1978)",,,,Italy,Calabria,,ZFMK:Mamm:1963.510,holotype,,Rodentia,Gliridae,Dryomys,nitedula,NA,,,,63409,1001525,Holden (2005) (information at https://hesperomys.com/a/8525),
100057374,Dryomys nitedula,nitedula,Đulić & Vidinić,1967,0,name_combination,synonym,Dryomys nitedula cf. nitedula,Dryomys nitedula nitedula,subspecies,"Đulić, B. and Vidinić, Z. 1967. Prilog poznavanju sisavaca planina Dinare i Šatora. Krš Jugoslavije 5:139-180.",NA,,Krš Jugoslavije,electronic,151,,,,,,,,,,,,,,,,Rodentia,Gliridae,Dryomys,nitedula,,"Mus nitedula Pallas, 1779 [100021410]",,,132741,1001525,Đulić & Vidinić (1967:151) (information at https://hesperomys.com/a/68691),
100049992,Dryomys nitedula,tichomirowi,Holden,2005,0,incorrect_subsequent_spelling | not_used_as_valid,synonym,tichomirowi,Dryomys tichomirowi,synonym_species,"Holden, M.E. 2005. Family Gliridae. Pp. 819–841 in Wilson, D.E. and Reeder, D.M. (eds.). Mammal Species of the World: A Taxonomic and Geographic Reference. Johns Hopkins University Press, Baltimore, 2142 pp.",NA,,Baltimore,electronic,831,http://www.bucknell.edu/msw3,,,,,,,,,,,,,,,Rodentia,Gliridae,Dryomys,nitedula,,"Dryomys nitedula tichomirovi Satunin, 1920 [100021418]",,,122380,1001525,Holden (2005:831) (information at https://hesperomys.com/a/8525),
100047714,Dryomys nitedula,angelus,A. T. Smith & Xie Yan,2008,0,name_combination,synonym,Dryomys nitedula angelus,Dryomys nitedula angelus,subspecies,"Smith, A.T. and Xie, Y. 2008. A Guide to the Mammals of China. Princeton University Press, Princeton, 544 pp.",NA,,Princeton,electronic,197,,,,,,,,,,,,,,,,Rodentia,Gliridae,Dryomys,nitedula,,"Eliomys angelus O. Thomas, 1906 [100021415]",,,119859,1001525,Smith & Xie (2008:197) (information at https://hesperomys.com/a/64149),
100047715,Dryomys nitedula,milleri,A. T. Smith & Xie Yan,2008,0,name_combination,synonym,Dryomys nitedula milleri,Dryomys nitedula milleri,subspecies,"Smith, A.T. and Xie, Y. 2008. A Guide to the Mammals of China. Princeton University Press, Princeton, 544 pp.",NA,,Princeton,electronic,197,,,,,,,,,,,,,,,,Rodentia,Gliridae,Dryomys,nitedula,,"Dyromys milleri O. Thomas, 1912 [100021417]",,,119860,1001525,Smith & Xie (2008:197) (information at https://hesperomys.com/a/64149),
100021432,Dryomys nitedula,yarkandensis,"Liao Lifu, An Ran, Shi Shen, Xu Yimei, Luo Yun, & Liao Weichen",2020,0,unpublished_electronic,synonym,Dryomys yarkandensis,Dryomys yarkandensis,species,"Liao, L.-f., An, R., Shi, S., Xu, Y.-m., Luo, Y. and Liao, W.-c. 2020-02-12. One new species of the genus _Dryomys_ (Rodentia, Glirgae) from Xinjiang China, _Dryomys yarkandensis sp_. nov. ",NA,,,electronic,4,https://doi.org/10.1101/2020.02.11.943381,,,"oasis orchard of desert in Tarim Basin (38° 29' N, 77° 32' E), 1211–1215 m, Xinjiang, China.","oasis orchard of desert in Tarim Basin (38°29'N, 77°32'E), 1211-1215 m",,,38.48333333,77.53333333,China,Xinjiang,,XCDC N07,holotype,,Rodentia,Gliridae,Dryomys,nitedula,NA,,,,97897,1001525,,
100021433,Eliomys melanurus,melanurus,J. A. Wagner,1839,1,available,species,Myoxus melanurus,Myoxus melanurus,species,"Wagner, J.A. 1839-09-20. Die Professoren Dr. A. Wagner und I. Zuccarini erstatten der Klasse Bericht über die von Hrn. Hofrath von Schubert und seinen Begleitern den Doctoren Roth und Erdl von ihrer Reise nach Aegypten und Palästina mitgebrachten Sammlungen. Gelehrte Anzeigen der Königlich Bayerischen Akademie der Wissenschaften zu München 8(37):297-302.",NA,"""Abh. Bayer Akad. Wiss. 176, pl. 3, fig. i."" (Ellerman & Morrison-Scott, 1966) | ""Gelehrte Anz. I. K. Bayer. Akad. Wiss., Miinchen, 8(37):299."" (Holden, 1993) | ""Gelehrte. Anz. I. K. Bayer. Akad. Wiss., München, 8(37):299"" (Holden, 2005)",Gelehrte Anzeigen der Königlich Bayerischen Akademie der Wissenschaften zu München,electronic,299,https://hdl.handle.net/2027/mdp.39015033505846?urlappend=%3Bseq=151%3Bownerid=13510798895489774-155,https://hdl.handle.net/2027/mdp.39015033505846?urlappend=%3Bseq=152%3Bownerid=13510798895489774-156,,"Sinai. Restricted by J. A. Nader and colleagues in 1983 to ""vicinity of Mount Sinai,"" Egypt.",Sinai,"""Beide Exemplare, die Herr Hofrath von Schubert mitbrachte, wurden von Beduinen in der Umgegend des Sinai aus Erdhöhlen ausgegraben."" (Wagner, 1840) | ""Sinai (restricted to vicinity of Mt Sinai by Nader et al., 1983)"" (Holden, 2005) | ""Sinai."" (Ellerman & Morrison-Scott, 1966)",,,,Egypt,,,,syntypes,,Rodentia,Gliridae,Eliomys,melanurus,NA,,,,63439,1001527,"Wagner (1839:299, https://hdl.handle.net/2027/mdp.39015033505846?urlappend=%3Bseq=152%3Bownerid=13510798895489774-156) (information at https://hesperomys.com/a/69194)",
100058504,Eliomys melanurus,melanurus,J. A. Wagner,1840,0,name_combination,synonym,Eliomys (Myoxus) melanurus,Eliomys melanurus,species,"Wagner, J.A. 1840. Beschreibung einiger neuer Nager, welche auf der Reise des Herrn Hofraths v. Schubert gesammelt wurden, mit Bezugnahme auf einige andere verwandte Formen. Abhandlungen der Bayerischen Akademie der Wissenschaften 3:173-218.",NA,,Abhandlungen der Bayerischen Akademie der Wissenschaften,electronic,176,https://www.biodiversitylibrary.org/page/11357219,https://www.biodiversitylibrary.org/page/11357222,,,,,,,,,,,,,,Rodentia,Gliridae,Eliomys,melanurus,NA,"Myoxus melanurus J. A. Wagner, 1839 [100021433]",,,134111,1001527,"Wagner (1840:176, https://www.biodiversitylibrary.org/page/11357222) (information at https://hesperomys.com/a/69196) | Giebel (1855:625, https://www.biodiversitylibrary.org/page/45548816) (information at https://hesperomys.com/a/38563) | Flower (1932:407) (information at https://hesperomys.com/a/14201) | Heller (1970:24) (information at https://hesperomys.com/a/68326) | Corbet & Hill (1991:197) (information at https://hesperomys.com/a/63070) | Holden (1993:767) (information at https://hesperomys.com/a/69027) | Holden (2005) (information at https://hesperomys.com/a/8525) | Happold (2013:105) (information at https://hesperomys.com/a/27625) | Wilson, Lacher & Mittermeier (2016:860) (information at https://hesperomys.com/a/59599) | Mammal Diversity Database (2018:ID #7619) (information at https://hesperomys.com/a/67336) | Mammal Diversity Database (2019:ID #7619) (information at https://hesperomys.com/a/67337) | Mammal Diversity Database (2024, https://www.mammaldiversity.org/taxon/1001527) (information at https://hesperomys.com/a/67250) | International Union for the Conservation of Nature (2024, https://www.iucnredlist.org/species/7619/197505035) (information at https://hesperomys.com/a/67246)",
100055817,Eliomys melanurus,melanura,A. Murray,1866,0,incorrect_subsequent_spelling,synonym,Eliomys melanura,Eliomys melanura,species,"Murray, A. 1866. The Geographical Distribution of Mammals. Day and Son, London, 420 pp.",NA,,London,electronic,352,https://www.biodiversitylibrary.org/item/53245,https://www.biodiversitylibrary.org/page/15580348,,,,,,,,,,,,,,Rodentia,Gliridae,Eliomys,melanurus,,"Myoxus melanurus J. A. Wagner, 1839 [100021433]",,,130589,1001527,"Murray (1866:352, https://www.biodiversitylibrary.org/page/15580348) (information at https://hesperomys.com/a/39798)",
100021434,Eliomys melanurus,cyrenaicus,Festa,1922,0,available,synonym,Eliomys cyrenaicus,Eliomys cyrenaicus,species,,"Boll. Mus. Zool. ed Anat. Comp. Univ. Torino, 36: no. 740, p. 4, 15 Dec. 1921","""Boll. Mus. Zool. Anat. Comp. Torino, 740, 4"" (Ellerman & Morrison-Scott, 1966) | ""Boll. Mus. Zool. ed Anat. Comp. Univ. Torino, 34 (740) : 4, 15 Dec. 1921"" (Cockrum & Setzer, 1977)",Bollettino dei Musei di Zoologia ed Anatomia comparata della R. Università di Torino,,4,,,https://www.biodiversitylibrary.org/page/15376461 | https://www.biodiversitylibrary.org/page/15376473 | https://www.biodiversitylibrary.org/page/15376481,,,"""Gheminez, Cirenaica (Barke)."" (Allen, 1939) | ""Gheminez, Cyrenaica, Libya."" (Ellerman & Morrison-Scott, 1966) | ""Type from Gheminez [Cyrenaica Province, Libya]. [brackets original]"" (Cockrum & Setzer, 1977)",,,,Libya,,,,,,Rodentia,Gliridae,Eliomys,melanurus,NA,,,,63440,1001527,Holden (2005) (information at https://hesperomys.com/a/8525),
100051837,Eliomys melanurus,cyrenaicus,Ranck,1968,0,name_combination,synonym,Eliomys quercinus cyrenaicus,Eliomys quercinus cyrenaicus,subspecies,"Ranck, G.L. 1968-10-02. The rodents of Libya: taxonomy, ecology, and zoogeographical relationships. Bulletin of the United States National Museum 275(275):1-264.",NA,,Bulletin of the United States National Museum,electronic,214,https://www.biodiversitylibrary.org/page/7853515,https://www.biodiversitylibrary.org/page/7853728,,,,,,,,,,,,,,Rodentia,Gliridae,Eliomys,melanurus,,"Eliomys cyrenaicus Festa, 1922 [100021434]",,,124444,1001527,"Ranck (1968:214, https://www.biodiversitylibrary.org/page/7853728) (information at https://hesperomys.com/a/34293) | Osborn & Helmy (1980:322, https://www.biodiversitylibrary.org/page/2747551) (information at https://hesperomys.com/a/5405)",
100051836,Eliomys melanurus,melanurus,D. J. Osborn & Helmy,1980,0,name_combination,synonym,Eliomys quercinus melanurus,Eliomys quercinus melanurus,subspecies,"Osborn, D.J. and Helmy, I. 1980-08-15. The contemporary land mammals of Egypt (including Sinai). Fieldiana Zoology (n.s.)5:1-579.",NA,,Fieldiana Zoology,electronic,321,https://www.biodiversitylibrary.org/page/2747230,https://www.biodiversitylibrary.org/page/2747550,,,,,,,,,,,,,,Rodentia,Gliridae,Eliomys,melanurus,,"Myoxus melanurus J. A. Wagner, 1839 [100021433]",,,124443,1001527,"Osborn & Helmy (1980:321, https://www.biodiversitylibrary.org/page/2747550) (information at https://hesperomys.com/a/5405)",
100021435,Eliomys munbyanus,munbyanus,A. Pomel,1856,1,available,species,Myoxus munbyanus,Myoxus munbyanus,species,"Pomel, A. 1856. Notes sur la mammalogie de l'Algérie. Comptes rendus hebdomadaires des séances de l'Académie des sciences 42:652-655.",NA,"""C. R. Hebdomadaires des Séances de L'Academie des Sciences, 42:653"" (Holden, 2005) | ""C.R. Acad. Sci. Paris, 42: 653"" (Ellerman & Morrison-Scott, 1966) | ""Compt. Rend. Acad. Sei. Paris, 42: 653, 1856"" (Allen, 1939) | ""Compt. Rend. Acad. Sei., Paris, 42: 653, 1856"" (Cockrum & Setzer, 1977)",Comptes rendus hebdomadaires des séances de l'Académie des sciences,electronic,653,https://www.biodiversitylibrary.org/page/1212466,https://www.biodiversitylibrary.org/page/1212467,,"Region d'Oran (Province of Oran), Algeria.",Algérie | je crois devoir faire part de quelques observations faites dans la province d'Oran,"""Algeria: Region d'Oran (Province of Oran)"" (Holden, 2005) | ""Province of Oran, Algeria (G. Allen)."" (Ellerman & Morrison-Scott, 1966) | ""Province of Oran, Algeria."" (Allen, 1939) | ""Type from Oran Province, Algeria."" (Cockrum & Setzer, 1977)",,,,Algeria,,,"MNHN-ZM-MO-1860-686 (= MNHN:type:320) (= MNHN ""769"")",holotype,,Rodentia,Gliridae,Eliomys,munbyanus,NA,,,,63441,1001528,"Pomel (1856:653, https://www.biodiversitylibrary.org/page/1212467) (information at https://hesperomys.com/a/68664)",
100048524,Eliomys munbyanus,mumbyanus,Loche,1858,1,incorrect_subsequent_spelling,synonym,Myoxus mumbyanus,Myoxus mumbyanus,species,"Loche, G.G. 1858. Catalogue des mammifères et des oiseaux observés en Algérie. Arthus Bertrand, Paris, 158 pp.",NA,,Paris,electronic,20,https://www.biodiversitylibrary.org/item/131565,https://www.biodiversitylibrary.org/page/41949432,,,,,,,,,,,,,,Rodentia,Gliridae,Eliomys,munbyanus,,"Myoxus munbyanus A. Pomel, 1856 [100021435]",,,120694,1001528,"Loche (1858:20, https://www.biodiversitylibrary.org/page/41949432) (information at https://hesperomys.com/a/60564) | Loche (1867:95) (information at https://hesperomys.com/a/68800)",
100055816,Eliomys munbyanus,mumbyanus,A. Murray,1866,1,name_combination | incorrect_subsequent_spelling,synonym,Muscardinus mumbyanus,Muscardinus mumbyanus,species,"Murray, A. 1866. The Geographical Distribution of Mammals. Day and Son, London, 420 pp.",NA,,London,electronic,352,https://www.biodiversitylibrary.org/item/53245,https://www.biodiversitylibrary.org/page/15580348,,,,,,,,,,,,,,Rodentia,Gliridae,Eliomys,munbyanus,,"Myoxus munbyanus A. Pomel, 1856 [100021435] | Myoxus mumbyanus Loche, 1858 [100048524]",,,130588,1001528,"Murray (1866:352, https://www.biodiversitylibrary.org/page/15580348) (information at https://hesperomys.com/a/39798)",
100021436,Eliomys munbyanus,lerotinus,Lataste,1885,1,available,synonym,Bifa lerotina,Bifa lerotina,species,"Lataste, F. 1885. Description d'un nouveau rongeur, de la famille des myoxidés, originaire de Mzab (Sahara algérien). Le Naturaliste 7(8):61-63.",NA,,Le Naturaliste,electronic,61,https://www.biodiversitylibrary.org/page/33930991,https://www.biodiversitylibrary.org/page/33930991,,,aux environs de Ghardaïa (Mzab),"""Ghardaia, Mzab, Algerian Sahara"" (Thomas, 1919) | ""Ghardaia, Mzab, Algerian Sahara."" (Ellerman & Morrison-Scott, 1966) | ""Mzab"" (Natural History Museum, 2014) | ""Near Ghardaia, Mzab, Algeria."" (Allen, 1939) | ""Type from near Ghardaia, M'zab, Algeria"" (Cockrum & Setzer, 1977)",,,,Algeria,,,"BMNH:Mamm:1919.7.7.2883, BMNH:Mamm:1919.7.7.2884",lectotype,https://data.nhm.ac.uk/object/135c54d3-a28e-4682-a24b-a35c034cad31 | https://data.nhm.ac.uk/object/c28d5567-008c-435d-a708-9e476512838d,Rodentia,Gliridae,Eliomys,munbyanus,NA,,,,63443,1001528,Holden (2005) (information at https://hesperomys.com/a/8525),
100021437,Eliomys munbyanus,occidentalis,O. Thomas,1903,0,available,synonym,Eliomys lerotinus occidentalis,Eliomys lerotinus occidentalis,subspecies,"Thomas, O. 1903. On a small collection of mammals from the Rio de Oro, Western Sahara. Novitates Zoologicae 10:300-302.",NA,,Novitates Zoologicae,electronic,300,https://www.biodiversitylibrary.org/page/15771388,https://www.biodiversitylibrary.org/page/15771388,,,Rio de Oro,"""Rio de Oro, NorthWest Africa."" (Ellerman & Morrison-Scott, 1966) | ""Rio de Oro."" (Allen, 1939)",,,,Western Sahara,,,Tring (number not known),holotype,,Rodentia,Gliridae,Eliomys,munbyanus,NA,,,,63444,1001528,Holden (2005) (information at https://hesperomys.com/a/8525),
100021438,Eliomys munbyanus,tunetae,O. Thomas,1903,0,available,synonym,Eliomys lerotinus tunetae,Eliomys lerotinus tunetae,subspecies,"Thomas, O. 1903-05-01. Two new dormice of the genus _Eliomys_. Annals and Magazine of Natural History (7)11(65):494-496.",NA,,Annals and Magazine of Natural History,electronic,495,https://www.biodiversitylibrary.org/page/62876625,https://www.biodiversitylibrary.org/page/62876626,,,"Karouana, Tunis","""Karouana"" (Natural History Museum, 2014) | ""Karouana, Tunis."" (Ellerman & Morrison-Scott, 1966) | ""Karouana, Tunis. See Cabrera, A., Trab. Mus. Nac. de Cien. Nat. Madrid, zool. ser., no. 57, p. 226, 30 Dec. 1932."" (Allen, 1939) | ""Type from Karouana [= Kairouan], Tunisia [brackets original]"" (Cockrum & Setzer, 1977)",,,,Tunisia,,,BMNH:Mamm:1846.11.4.1,holotype,https://data.nhm.ac.uk/object/9ca821b4-afef-473d-b927-d9fd81f003f9,Rodentia,Gliridae,Eliomys,munbyanus,NA,,,,63445,1001528,"Thomas & Trouessart (1903:172, https://www.biodiversitylibrary.org/page/2145394) (information at https://hesperomys.com/a/68768) | Holden (2005) (information at https://hesperomys.com/a/8525)",
100057448,Eliomys munbyanus,lerotinus,O. Thomas & Trouessart,1903,0,name_combination,synonym,Eliomys lerotinus,Eliomys lerotinus,species,"Thomas, O. and Trouessart, É.L. 1903. Note sur les rongeurs de Tunisie recueillis par M. Marius Blanc. Bulletin de la Société Zoologique de France 28:171-174.",NA,,Bulletin de la Société Zoologique de France,electronic,172,https://www.biodiversitylibrary.org/page/2145393,https://www.biodiversitylibrary.org/page/2145394,,,,,,,,,,,,,,Rodentia,Gliridae,Eliomys,munbyanus,,"Bifa lerotina Lataste, 1885 [100021436]",,,132865,1001528,"Thomas & Trouessart (1903:172, https://www.biodiversitylibrary.org/page/2145394) (information at https://hesperomys.com/a/68768)",
100057453,Eliomys munbyanus,mumbyanus,Cabrera,1907,0,name_combination | incorrect_subsequent_spelling,synonym,Eliomys mumbyanus,Eliomys mumbyanus,species,"Cabrera, Á. 1907. Micromamíferos nuevos españoles. Boletín de la Real Sociedad Española de Historia Natural 7:222-227.",NA,,Boletín de la Real Sociedad Española de Historia Natural,electronic,225,https://www.biodiversitylibrary.org/page/1766262,https://www.biodiversitylibrary.org/page/1766265,,,,,,,,,,,,,,Rodentia,Gliridae,Eliomys,munbyanus,,"Myoxus munbyanus A. Pomel, 1856 [100021435] | Myoxus mumbyanus Loche, 1858 [100048524]",,,132870,1001528,"Cabrera (1907:225, https://www.biodiversitylibrary.org/page/1766265) (information at https://hesperomys.com/a/68772)",
100056860,Eliomys munbyanus,munbianus,Klaptocz,1909,0,incorrect_subsequent_spelling,synonym,Eliomys munbianus,Eliomys munbianus,species,"Klaptocz, B. 1909. Beitrag zur Kenntnis der Säuger von Tripolis und Barka. Zoologische Jahrbücher 27:237-272.",NA,,Zoologische Jahrbücher,electronic,247,https://www.biodiversitylibrary.org/part/96700,https://www.biodiversitylibrary.org/page/10227035,,,,,,,,,,,,,,Rodentia,Gliridae,Eliomys,munbyanus,,"Myoxus munbyanus A. Pomel, 1856 [100021435]",,,132201,1001528,"Klaptocz (1909:247, https://www.biodiversitylibrary.org/page/10227035) (information at https://hesperomys.com/a/68565)",
100056861,Eliomys munbyanus,tunetae,Klaptocz,1909,0,name_combination,synonym,Eliomys munbianus tunetae,Eliomys munbianus tunetae,subspecies,"Klaptocz, B. 1909. Beitrag zur Kenntnis der Säuger von Tripolis und Barka. Zoologische Jahrbücher 27:237-272.",NA,,Zoologische Jahrbücher,electronic,247,https://www.biodiversitylibrary.org/part/96700,https://www.biodiversitylibrary.org/page/10227035,,,,,,,,,,,,,,Rodentia,Gliridae,Eliomys,munbyanus,,"Eliomys lerotinus tunetae O. Thomas, 1903 [100021438]",,,132202,1001528,"Klaptocz (1909:247, https://www.biodiversitylibrary.org/page/10227035) (information at https://hesperomys.com/a/68565)",
100021439,Eliomys munbyanus,denticulatus,Ranck,1968,0,available,synonym,Eliomys quercinus denticulatus,Eliomys quercinus denticulatus,subspecies,"Ranck, G.L. 1968-10-02. The rodents of Libya: taxonomy, ecology, and zoogeographical relationships. Bulletin of the United States National Museum 275(275):1-264.",NA,,Bulletin of the United States National Museum,electronic,216,https://www.biodiversitylibrary.org/page/7853515,https://www.biodiversitylibrary.org/page/7853730,,,"El Gatrun, Fezzan Province, Libya","""Africa, Libya, Fezzan ... El Gatrun [= Al Qatrun] [brackets original]"" (Anonymous, 2018) | ""El Gatrun, Fezzan Prov., Libya"" (Corbet, 1978) | ""El Gatrun, Fezzan Province, [Murzuq], Libya"" (Fisher & Ludwig, 2012) | ""Type from El Gatrun, Fezzan Province, Libya"" (Cockrum & Setzer, 1977)",,,,Libya,,,USNM:MAMM:322757,holotype,http://n2t.net/ark:/65665/3002c9dfd-8e78-4101-a8a8-4f87aa1f93e1,Rodentia,Gliridae,Eliomys,munbyanus,NA,,,,63442,1001528,"Ranck (1968:216, https://www.biodiversitylibrary.org/page/7853730) (information at https://hesperomys.com/a/34293) | Holden (2005) (information at https://hesperomys.com/a/8525)",
100055498,Eliomys munbyanus,tunetae,Ranck,1968,0,name_combination,synonym,Eliomys quercinus tunetae,Eliomys quercinus tunetae,subspecies,"Ranck, G.L. 1968-10-02. The rodents of Libya: taxonomy, ecology, and zoogeographical relationships. Bulletin of the United States National Museum 275(275):1-264.",NA,,Bulletin of the United States National Museum,electronic,219,https://www.biodiversitylibrary.org/page/7853515,https://www.biodiversitylibrary.org/page/7853733,,,,,,,,,,,,,,Rodentia,Gliridae,Eliomys,munbyanus,,"Eliomys lerotinus tunetae O. Thomas, 1903 [100021438]",,,130177,1001528,"Ranck (1968:219, https://www.biodiversitylibrary.org/page/7853733) (information at https://hesperomys.com/a/34293)",
100041092,Eliomys munbyanus,munbyanus,Holden,2005,0,name_combination,synonym,Eliomys munbyanus,Eliomys munbyanus,species,"Holden, M.E. 2005. Family Gliridae. Pp. 819–841 in Wilson, D.E. and Reeder, D.M. (eds.). Mammal Species of the World: A Taxonomic and Geographic Reference. Johns Hopkins University Press, Baltimore, 2142 pp.",NA,,Baltimore,electronic,,http://www.bucknell.edu/msw3,,,,,,,,,,,,,,,Rodentia,Gliridae,Eliomys,munbyanus,,"Myoxus munbyanus A. Pomel, 1856 [100021435]",,,112860,1001528,"Holden (2005) (information at https://hesperomys.com/a/8525) | Happold (2013:107) (information at https://hesperomys.com/a/27625) | Wilson, Lacher & Mittermeier (2016:862) (information at https://hesperomys.com/a/59599) | Mammal Diversity Database (2018:ID #136469) (information at https://hesperomys.com/a/67336) | Mammal Diversity Database (2019:ID #136469) (information at https://hesperomys.com/a/67337) | Mammal Diversity Database (2024, https://www.mammaldiversity.org/taxon/1001528) (information at https://hesperomys.com/a/67250) | International Union for the Conservation of Nature (2024, https://www.iucnredlist.org/species/136469/22223369) (information at https://hesperomys.com/a/67246)",
100021440,Eliomys quercinus,quercinus,Linnaeus,1766,1,available,species,Mus quercinus,Mus quercinus,species,"Linnaeus, C. 1766. Systema Naturæ per Regna Tria Naturæ, Secundum Classes, Ordines, Genera, Species, cum Characteribus, Differentiis, Synonymis, Locis. Tomus I. Editio Duodecima, Reformata. Laurentii Salvii, Stockholm, 532 pp.",NA,,Stockholm,electronic,84,https://www.biodiversitylibrary.org/item/137337,https://www.biodiversitylibrary.org/page/42946280,,Germany.,Habitat in Europa australi,"""Germany"" (Holden, 2005) | ""Germany."" (Ellerman & Morrison-Scott, 1966) | ""Germany."" (Honacki, Kinman & Koeppl, 1982)",,,,Germany,,,,,,Rodentia,Gliridae,Eliomys,quercinus,NA,,,,63446,1001529,"Linnaeus (1766:84, https://www.biodiversitylibrary.org/page/42946280) (information at https://hesperomys.com/a/38438) | Cuvier (1797:141, https://www.biodiversitylibrary.org/page/11637223) (information at https://hesperomys.com/a/38531)",
100036184,Eliomys quercinus,quercinus,Erxleben,1777,1,name_combination,synonym,Sciurus quercinus,Sciurus quercinus,species,"Erxleben, J.C.P. 1777. Systema regni animalis per classes, ordines, genera, species, varietates cum synonymia et historia animalium. Classis I. Mammalia. Impensis Weygandianis, Leipzig, 636 pp.",NA,,Leipzig,electronic,432,https://www.biodiversitylibrary.org/item/53898,https://www.biodiversitylibrary.org/page/15873229,,,,,,,,,,,,,,Rodentia,Gliridae,Eliomys,quercinus,,"Mus quercinus Linnaeus, 1766 [100021440]",,,107947,1001529,"Erxleben (1777:432, https://www.biodiversitylibrary.org/page/15873229) (information at https://hesperomys.com/a/36060) | Borowski (1780:50, https://www.biodiversitylibrary.org/page/28347106) (information at https://hesperomys.com/a/67758)",
100021441,Eliomys quercinus,nitela,von Schreber,1782,1,available,synonym,Myoxus nitela,Myoxus nitela,species,"Schreber, J.C.D. von. 1782. pl. 226. P. pl. 226 in Schreber, J.C.D. von. 1774-1855. Die Säugthiere in Abbildungen nach der Natur, mit Beschreibungen. Walther, Erlangen.",NA,,Die Säugthiere in Abbildungen nach der Natur,electronic,pl. 226,https://www.biodiversitylibrary.org/page/31059570,https://www.biodiversitylibrary.org/page/31059570,,,,"""Germany."" (Ellerman & Morrison-Scott, 1966)",,,,Germany,,,,,,Rodentia,Gliridae,Eliomys,quercinus,NA,,,,63459,1001529,"Zimmermann (1783:159, 165) (information at https://hesperomys.com/a/69242) | Zimmermann (1783:165) (information at https://hesperomys.com/a/69242) | Gmelin (1788:156, https://www.biodiversitylibrary.org/page/25751376) (information at https://hesperomys.com/a/35943) | Kerr (1792:271, https://www.biodiversitylibrary.org/page/38664295) (information at https://hesperomys.com/a/36283) | Borkhausen (1797:69, https://www.biodiversitylibrary.org/page/38962577) (information at https://hesperomys.com/a/59275) | Turton (1802:97, https://www.biodiversitylibrary.org/page/25772953) (information at https://hesperomys.com/a/69249) | Geoffroy Saint-Hilaire (1803:203) (information at https://hesperomys.com/a/19153) | Goldfuss (1809:129, https://www.biodiversitylibrary.org/page/47497963) (information at https://hesperomys.com/a/34654) | Muirhead (1819:434) (information at https://hesperomys.com/a/69481) | Hemprich (1820:32) (information at https://hesperomys.com/a/69417) | Ranzani (1820:420, https://www.biodiversitylibrary.org/page/27808000) (information at https://hesperomys.com/a/69425) | Schinz (1821:281, https://www.biodiversitylibrary.org/page/51529042) (information at https://hesperomys.com/a/37604) | Desmarest (1822:294, https://www.biodiversitylibrary.org/page/39521746) (information at https://hesperomys.com/a/36189) | Lesson (1827:273, https://www.biodiversitylibrary.org/page/54207740) (information at https://hesperomys.com/a/36839) | Fischer (1829:309) (information at https://hesperomys.com/a/59856) | Wagler (1830:19, https://www.biodiversitylibrary.org/page/38965765) (information at https://hesperomys.com/a/56273) | Eichwald (1831:371, https://www.biodiversitylibrary.org/page/35753036) (information at https://hesperomys.com/a/67585) | Cuvier (1833:446, https://www.biodiversitylibrary.org/page/26232919) (information at https://hesperomys.com/a/37101) | Baillon (1834:54, https://www.biodiversitylibrary.org/page/34171228) (information at https://hesperomys.com/a/67511) | Schinz (1837:19, https://www.biodiversitylibrary.org/page/13859855) (information at https://hesperomys.com/a/67792) | Nordmann (1839:54, https://www.biodiversitylibrary.org/page/63252014) (information at https://hesperomys.com/a/69245) | Cuvier (1842:4, https://www.biodiversitylibrary.org/page/44518527) (information at https://hesperomys.com/a/60227) | Lesson (1842:134) (information at https://hesperomys.com/a/36812) | Rochebrune (1843:216, https://www.biodiversitylibrary.org/page/32688922) (information at https://hesperomys.com/a/56971) | Gistel (1848:246, https://www.biodiversitylibrary.org/page/25781123) (information at https://hesperomys.com/a/69572) | Gervais (1850:23, https://www.biodiversitylibrary.org/page/27348807) (information at https://hesperomys.com/a/61633) | Blainville (1855:10, https://www.biodiversitylibrary.org/page/57986931) (information at https://hesperomys.com/a/37133) | Sclater (1872:68, https://www.biodiversitylibrary.org/page/17037845) (information at https://hesperomys.com/a/61617) | Schulze (1897:87) (information at https://hesperomys.com/a/60594) | Holden (2005) (information at https://hesperomys.com/a/8525)",
100028006,Eliomys quercinus,nitella,Bechstein,1801,1,incorrect_subsequent_spelling,synonym,Myoxus Nitella,Myoxus nitella,species,"Bechstein, J.M. 1801. Gemeinnützige Naturgeschichte Deutschlands nach allen drey Reichen. Erster Band. Zweyte vermehrte und verbesserte Ausgabe. Siegfried Lebrecht Crusius, Leipzig, 1355 pp.",NA,,Leipzig,electronic,1076,https://www.biodiversitylibrary.org/item/95648,https://www.biodiversitylibrary.org/page/30258328,,,,,,,,,,,,,,Rodentia,Gliridae,Eliomys,quercinus,,"Myoxus nitela von Schreber, 1782 [100021441]",,,98066,1001529,,
100036185,Eliomys quercinus,quercinus,Daudin,1802,1,name_combination,synonym,Myoxus quercinus,Myoxus quercinus,species,"Daudin, F.M. 1802-10-21. Tableau des divisions, sous-divisions, ordres et genres des mammifères, par le Cen Lacepéde; Avec l'indication de toutes les espèces décrites par Buffon, et leur distribution dans chacun des genres. par F. M. Daudin. Pp. 143–195 in Buffon, G.-L.L. de. (eds.). Histoire naturelle par Buffon. Quadrupèdes. Tome quatorzième. P. Didot et Firmin Didot, Paris, 346 pp.",NA,,Paris,electronic,169,https://www.biodiversitylibrary.org/page/42033393,https://www.biodiversitylibrary.org/page/42033419,,,,,,,,,,,,,,Rodentia,Gliridae,Eliomys,quercinus,,"Mus quercinus Linnaeus, 1766 [100021440]",,,107948,1001529,"Daudin (1802:169, https://www.biodiversitylibrary.org/page/42033419) (information at https://hesperomys.com/a/64044) | Fischer (1814:vi, https://www.biodiversitylibrary.org/page/29130067) (information at https://hesperomys.com/a/12226) | Voigt (1819:415) (information at https://hesperomys.com/a/69477) | Acloque (1900:44) (information at https://hesperomys.com/a/59737) | Seabra (1900:106) (information at https://hesperomys.com/a/68463) | Lucifero (1907:48, https://www.biodiversitylibrary.org/page/32999716) (information at https://hesperomys.com/a/69042)",
100030863,Eliomys quercinus,nitedulae,Pallas,1811,1,available,synonym,Myoxus Nitedulae,Myoxus nitedulae,species,"Pallas, P.S. 1811. Zoographia Rosso-Asiatica. Volumen Primum. In officina Caes. Academiae Scientiarum impress., Saint Petersburg, 568 pp.",NA,,Saint Petersburg,electronic,179,https://www.biodiversitylibrary.org/item/92513,https://www.biodiversitylibrary.org/page/29114112,,,"In coryletis ad Volgam medlam, in insulis ejus versus Astrachaniam, et in Fagetis, coryletis et quercetis Caucasi, praesertim in Georgia frequens; ulterius versus Sibiriam non observata",,,,,Russia,,,,,,Rodentia,Gliridae,Eliomys,quercinus,,,,,79359,1001529,,
100021442,Eliomys quercinus,dichrurus,Rafinesque,1814,1,available,synonym,Musculus dichrurus,Musculus dichrurus,species,"Rafinesque, C.S. 1814. Précis des découvertes somiologiques ou zoologiques et botaniques de C.S. Rafinesque. Aux dépens de l'Auteur, Palermo, 55 pp.",NA,,Palermo,electronic,13,https://www.biodiversitylibrary.org/item/27701,https://www.biodiversitylibrary.org/page/5282849,,,Sicile,"""Sicily."" (Ellerman & Morrison-Scott, 1966)",,,,Italy,Sicily,,,,,Rodentia,Gliridae,Eliomys,quercinus,NA,,,,63450,1001529,"Brants (1827:182, https://www.biodiversitylibrary.org/page/47497124) (information at https://hesperomys.com/a/35204) | Holden (2005) (information at https://hesperomys.com/a/8525) | Musser & Carleton (2005) (information at https://hesperomys.com/a/8562)",
100033306,Eliomys quercinus,dichrurus,A. G. Desmarest,1819,1,name_combination,synonym,Mus dichrurus,Mus dichrurus,species,"Desmarest, A.G. 1819. RAT, _Mus_. Pp. 40–79 in Société de naturalistes et d'agriculteurs. (eds.). Nouveau dictionnaire d'histoire naturelle. Nouvelle Édition. Tome XXIX. Deterville, Paris, 576 pp.",NA,,Nouveau Dictionnaire d'Histoire Naturelle,electronic,61,https://www.biodiversitylibrary.org/page/19430597,https://www.biodiversitylibrary.org/page/19430618,,,,,,,,,,,,,,Rodentia,Gliridae,Eliomys,quercinus,,"Musculus dichrurus Rafinesque, 1814 [100021442]",,,104338,1001529,"Desmarest (1819:61, https://www.biodiversitylibrary.org/page/19430618) (information at https://hesperomys.com/a/60387) | Schinz (1825:397, https://www.biodiversitylibrary.org/page/51523814) (information at https://hesperomys.com/a/66129) | Lesson (1827:269, https://www.biodiversitylibrary.org/page/54207736) (information at https://hesperomys.com/a/36839) | Fischer (1829:319) (information at https://hesperomys.com/a/59856)",
100055818,Eliomys quercinus,nitela,J. A. Wagner,1840,0,name_combination,synonym,Eliomys (Myoxus) Nitela,Eliomys nitela,species,"Wagner, J.A. 1840. Beschreibung einiger neuer Nager, welche auf der Reise des Herrn Hofraths v. Schubert gesammelt wurden, mit Bezugnahme auf einige andere verwandte Formen. Abhandlungen der Bayerischen Akademie der Wissenschaften 3:173-218.",NA,,Abhandlungen der Bayerischen Akademie der Wissenschaften,electronic,185,https://www.biodiversitylibrary.org/page/11357219,https://www.biodiversitylibrary.org/page/11357231,,,,,,,,,,,,,,Rodentia,Gliridae,Eliomys,quercinus,,"Myoxus nitela von Schreber, 1782 [100021441]",,,130590,1001529,"Wagner (1840:185, https://www.biodiversitylibrary.org/page/11357231) (information at https://hesperomys.com/a/69196) | Giebel (1855:624, https://www.biodiversitylibrary.org/page/45548815) (information at https://hesperomys.com/a/38563) | Murray (1866:352, https://www.biodiversitylibrary.org/page/15580348) (information at https://hesperomys.com/a/39798) | Elera (1895:21, https://www.biodiversitylibrary.org/page/38853931) (information at https://hesperomys.com/a/68680)",
100048653,Eliomys quercinus,nitela,Crespon,1844,1,name_combination,synonym,Mus nitela,Mus nitela,species,"Crespon, J. 1844. Faune méridionale ou description de tous les animaux vertébrés vivans et fossiles, sauvages ou domestiques qui se rencontrent toute l'année ou qui ne sont que de passage dans la plus grande partie du midi de la France; suivie d'une méthode taxidermie ou l'art d'empailler des oiseaux. Tome premier. Chez l'auteur, à la Fontaine, et chez les Libraires, Nîmes, 320 pp.",NA,,Nîmes,electronic,61,https://www.biodiversitylibrary.org/item/219349,https://www.biodiversitylibrary.org/page/52795671,,,,,,,,,,,,,,Rodentia,Gliridae,Eliomys,quercinus,,"Myoxus nitela von Schreber, 1782 [100021441]",,,120841,1001529,"Crespon (1844:61, https://www.biodiversitylibrary.org/page/52795671) (information at https://hesperomys.com/a/38970)",
100021443,Eliomys quercinus,lusitanica,Reuvens,1890,0,not_used_as_valid,synonym,Eliomys nitela var. lusitanica,Eliomys nitela lusitanica,variety,"Reuvens, C.L. 1890. Die Myoxidae oder Schlaefer. Ein Beitrag zur Osteologie und Systematik der Nagethiere. P.W.M. Trap, Leiden, 80 pp.",NA,,Leiden,electronic,28 (footnote 1),https://www.biodiversitylibrary.org/item/51332,https://www.biodiversitylibrary.org/page/14818976,,,Lissabon,"""Lisbon, Portugal."" (Ellerman & Morrison-Scott, 1966)",,,,,,,,,,Rodentia,Gliridae,Eliomys,quercinus,NA,,,,63458,1001529,Holden (2005) (information at https://hesperomys.com/a/8525),
100021444,Eliomys quercinus,amori,Graells,1897,1,available,synonym,"Myoxus nitela, varietas Amori",Myoxus nitela amori,variety,"Graells, M. de la P. 1897. Fauna Mastodológica Ibérica. Memorias de la Real Academia de Ciencias Exactas, Físicas y Naturales 17:1-778.",NA,,"Memorias de la Real Academia de Ciencias Exactas, Físicas y Naturales",electronic,481,,,,,,"""Cordova, Spain."" (Ellerman & Morrison-Scott, 1966) | ""Córdoba"" (Cabrera, 1912)",,,,Spain,Andalusia,Córdoba (Spain),MNCN 1238,syntypes,,Rodentia,Gliridae,Eliomys,quercinus,NA,,,,63447,1001529,Holden (2005) (information at https://hesperomys.com/a/8525),
100021445,Eliomys quercinus,pallidus,Barrett-Hamilton,1899,0,available,synonym,Eliomys pallidus,Eliomys pallidus,species,"Barrett-Hamilton, G.E.H. 1899-03-01. Note on the Sicilian dormice of the genera _Eliomys_ and _Glis_. Annals and Magazine of Natural History (7)3(15):226-228.",NA,,Annals and Magazine of Natural History,electronic,226,https://www.biodiversitylibrary.org/part/58813,https://www.biodiversitylibrary.org/page/19210601,,,Sicily,"""Palermo, Sicily."" (Ellerman & Morrison-Scott, 1966)",,,,Italy,Sicily,,BMNH:Mamm:1898.10.6.6,holotype,https://data.nhm.ac.uk/object/6e493d55-3e6b-4cb8-9526-dd163399e982,Rodentia,Gliridae,Eliomys,quercinus,NA,,,,63461,1001529,"Miller (1912:559, https://www.biodiversitylibrary.org/page/8421878) (information at https://hesperomys.com/a/5948) | Holden (2005) (information at https://hesperomys.com/a/8525) | Gippoliti (2013:17) (information at https://hesperomys.com/a/25250)",
100021446,Eliomys quercinus,sardus,Barrett-Hamilton,1901,0,available,synonym,Eliomys sardus,Eliomys sardus,species,"Barrett-Hamilton, G.E.H. 1901-04-01. Note on the _Eliomys_ of Sardinia. Annals and Magazine of Natural History (7)7(40):340-341.",NA,,Annals and Magazine of Natural History,electronic,340,https://www.biodiversitylibrary.org/page/24345214,https://www.biodiversitylibrary.org/page/24345214,,,"Sardinia. Type from Tricoli, Cagliastra.","""Tricoli, Cagliastra, Sardinia. Range includes Corsica."" (Ellerman & Morrison-Scott, 1966)",,,,Italy,Sardinia,,BMNH:Mamm:1900.3.8.1,holotype,,Rodentia,Gliridae,Eliomys,quercinus,NA,,,,63463,1001529,"Miller (1912:560, https://www.biodiversitylibrary.org/page/8421879) (information at https://hesperomys.com/a/5948) | Holden (2005) (information at https://hesperomys.com/a/8525)",
100021447,Eliomys quercinus,cincticauda,G. S. Miller,1901,0,available,synonym,Eliomys cincticauda,Eliomys cincticauda,species,"Miller, G.S., Jr. 1901-04-25. A new dormouse from Italy. Proceedings of the Biological Society of Washington 14:39-40.",NA,,Proceedings of the Biological Society of Washington,electronic,39,https://www.biodiversitylibrary.org/page/3793024,https://www.biodiversitylibrary.org/page/3793024,,,,"""Europe, Italy, Campania, Napoli Province ... Sorrento, near Naples"" (Anonymous, 2018) | ""Sorrento, Italy."" (Ellerman & Morrison-Scott, 1966) | ""Sorrento, near Naples, [Napoli Province, Campania], Italy"" (Fisher & Ludwig, 2012)",,,,Italy,Campania,,USNM:MAMM:103030,holotype,http://n2t.net/ark:/65665/32f713e26-dce0-4b87-afcf-6171cc3bbcae,Rodentia,Gliridae,Eliomys,quercinus,NA,,,,63448,1001529,Holden (2005) (information at https://hesperomys.com/a/8525),
100021448,Eliomys quercinus,gymnesicus,O. Thomas,1903,0,available,synonym,Eliomys gymnesicus,Eliomys gymnesicus,species,"Thomas, O. 1903-05-01. Two new dormice of the genus _Eliomys_. Annals and Magazine of Natural History (7)11(65):494-496.",NA,,Annals and Magazine of Natural History,electronic,494,https://www.biodiversitylibrary.org/page/62876625,https://www.biodiversitylibrary.org/page/62876625,,,"San Cristobal, Minorca, Balearic Islands. Alt. 100 m.","""San Cristobal"" (Natural History Museum, 2014) | ""San Cristobal, Minorca, Balearic Isles."" (Ellerman & Morrison-Scott, 1966)",,,,Spain,Balearic Islands,Menorca,BMNH:Mamm:1900.7.1.47,holotype,https://data.nhm.ac.uk/object/258bfba6-d8a3-42f5-9381-ed6123628065,Rodentia,Gliridae,Eliomys,quercinus,NA,,,,63452,1001529,"Miller (1912:558, https://www.biodiversitylibrary.org/page/8421877) (information at https://hesperomys.com/a/5948) | Holden (2005) (information at https://hesperomys.com/a/8525)",
100021449,Eliomys quercinus,hortualis,Cabrera,1904,0,available,synonym,Eliomys hortualis,Eliomys hortualis,species,,"Bol. Real Soc. Españ. Hist. Nat., 1904, p. 183, Mayo 1904.","""Bol. Real. Soc. Esp. H.N. 4: 183"" (Ellerman & Morrison-Scott, 1966)",Boletín de la Real Sociedad Española de Historia Natural,,183,,https://www.biodiversitylibrary.org/page/5749136,,,,"""Valencia, Spain."" (Ellerman & Morrison-Scott, 1966)",,,,Spain,Valencian Community,Valencia,MNCN 1700,syntypes,,Rodentia,Gliridae,Eliomys,quercinus,NA,,,,63455,1001529,Holden (2005) (information at https://hesperomys.com/a/8525),
100021450,Eliomys quercinus,hamiltoni,Cabrera,1907,0,available,synonym,Eliomys Hamiltoni,Eliomys hamiltoni,species,"Cabrera, Á. 1907. Micromamíferos nuevos españoles. Boletín de la Real Sociedad Española de Historia Natural 7:222-227.",NA,"""Bol. Real. Soc. Esp. H.N. 1: 226"" (Ellerman & Morrison-Scott, 1966)",Boletín de la Real Sociedad Española de Historia Natural,electronic,225,https://www.biodiversitylibrary.org/page/1766262,https://www.biodiversitylibrary.org/page/1766265,,,"El Pardo, Madrid","""El Pardo, near Madrid, Spain."" (Ellerman & Morrison-Scott, 1966)",,,,Spain,Madrid,,Cabrera 121,holotype,,Rodentia,Gliridae,Eliomys,quercinus,NA,,,,63453,1001529,"Cabrera (1907:225, https://www.biodiversitylibrary.org/page/1766265) (information at https://hesperomys.com/a/68772) | Holden (2005) (information at https://hesperomys.com/a/8525)",
100028197,Eliomys quercinus,lusitanicus,Cabrera,1908,0,available,synonym,Eliomys lusitanicus,Eliomys lusitanicus,species,"Cabrera, Á. 1908-02-01. On Muscardinidæ from the Iberian Peninsula. Annals and Magazine of Natural History (8)1(2):188-194.",NA,,Annals and Magazine of Natural History,electronic,189,https://www.biodiversitylibrary.org/page/24295897,https://www.biodiversitylibrary.org/page/24295898,,,"Lisbon, Portugal",,,,,Portugal,,,ZSM (number not known),holotype,,Rodentia,Gliridae,Eliomys,quercinus,,,,,77611,1001529,"Miller (1912:560, https://www.biodiversitylibrary.org/page/8421879) (information at https://hesperomys.com/a/5948)",
100035782,Eliomys quercinus,quercinus,G. S. Miller,1912,0,name_combination,synonym,Eliomys quercinus,Eliomys quercinus,species,"Miller, G.S., Jr. 1912. Catalogue of the mammals of western Europe (Europe exclusive of Russia) in the collections of the British Museum. British Museum (Natural History), London, 1019 pp.",NA,,British Museum Catalogue,electronic,551,https://www.biodiversitylibrary.org/item/34559,https://www.biodiversitylibrary.org/page/8421870,,,,,,,,,,,,,,Rodentia,Gliridae,Eliomys,quercinus,,"Mus quercinus Linnaeus, 1766 [100021440]",,,107536,1001529,"Miller (1912:551, https://www.biodiversitylibrary.org/page/8421870) (information at https://hesperomys.com/a/5948) | Đulić & Vidinić (1967:149) (information at https://hesperomys.com/a/68691) | Ranck (1968:212, https://www.biodiversitylibrary.org/page/7853726) (information at https://hesperomys.com/a/34293) | Kurtén (1968:208) (information at https://hesperomys.com/a/5363) | Heller (1970:24) (information at https://hesperomys.com/a/68326) | Osborn & Helmy (1980:316, https://www.biodiversitylibrary.org/page/2747545) (information at https://hesperomys.com/a/5405) | Corbet & Hill (1980:185) (information at https://hesperomys.com/a/63069) | Honacki, Kinman & Koeppl (1982:560) (information at https://hesperomys.com/a/63071) | Van Kolfschoten (1985:51) (information at https://hesperomys.com/a/68055) | Corbet & Hill (1991:197) (information at https://hesperomys.com/a/63070) | Holden (1993:767) (information at https://hesperomys.com/a/69027) | Holden (2005) (information at https://hesperomys.com/a/8525) | O'Brien, Menninger & Nash (2006:317) (information at https://hesperomys.com/a/7321) | Gippoliti (2013:17) (information at https://hesperomys.com/a/25250) | Wilson, Lacher & Mittermeier (2016:861) (information at https://hesperomys.com/a/59599) | Mammal Diversity Database (2018:ID #7618) (information at https://hesperomys.com/a/67336) | Mammal Diversity Database (2019:ID #7618) (information at https://hesperomys.com/a/67337) | Mammal Diversity Database (2024, https://www.mammaldiversity.org/taxon/1001529) (information at https://hesperomys.com/a/67250) | International Union for the Conservation of Nature (2024, https://www.iucnredlist.org/species/7618/12835766) (information at https://hesperomys.com/a/67246)",
100021451,Eliomys quercinus,gotthardus,von Burg,1920,0,available,synonym,Eliomys quercinus gotthardus,Eliomys quercinus gotthardus,subspecies,,"Der Weidmann Bulach, No. 50, 401",,Der Weidmann Bulach,,401,,,,,,"""Munstertal, Switzerland."" (Ellerman & Morrison-Scott, 1966)",,,,Switzerland,Graubünden,,,,,Rodentia,Gliridae,Eliomys,quercinus,NA,,,,63451,1001529,Holden (2005) (information at https://hesperomys.com/a/8525),
100021452,Eliomys quercinus,jurassicus,von Burg,1920,0,available,synonym,Eliomys quercinus jurassicus,Eliomys quercinus jurassicus,subspecies,,"Der Weidmann Bulach, No. 50, 401",,Der Weidmann Bulach,,401,,,,,,"""Jura Valleys."" (Ellerman & Morrison-Scott, 1966)",,,,Switzerland,Jura (Switzerland),,,,,Rodentia,Gliridae,Eliomys,quercinus,NA,,,,63456,1001529,,
100021453,Eliomys quercinus,raeticus,von Burg,1920,0,available,synonym,Eliomys quercinus räticus,Eliomys quercinus raeticus,subspecies,,"Der Weidmann Bulach, No. 50, 401 (N.V.)","""Der Weidmann Bulach, No. 50, 401 (N.V.)"" (Ellerman & Morrison-Scott, 1966)",Der Weidmann Bulach,,401,,,,,,"""[Probably Switzerland like other Burg names cited here.]"" (Ellerman & Morrison-Scott, 1966)",,,,Switzerland,,,,,,Rodentia,Gliridae,Eliomys,quercinus,NA,,,,63462,1001529,Holden (2005) (information at https://hesperomys.com/a/8525),
100021454,Eliomys quercinus,ophiusae,O. Thomas,1925,0,available,synonym,Eliomys ophiusae,Eliomys ophiusae,species,"Thomas, O. 1925-10-01. The garden dormouse (_Eliomys_) of Formentera, Balearic islands. Annals and Magazine of Natural History (9)16(94):389-390.",NA,,Annals and Magazine of Natural History,electronic,389,https://doi.org/10.1080/00222932508633325,,,,"Formentera Island, south of Iviza, Balearic Islands","""Formentera Id., Balearic Islands. Spain."" (Natural History Museum, 2014) | ""Formentera, Balearic Islands."" (Ellerman & Morrison-Scott, 1966)",,,,Spain,Balearic Islands,Formentera,BMNH:Mamm:1914.5.6.3,holotype,https://data.nhm.ac.uk/object/d5724ed5-9ade-4b9a-b191-aaf51a15fbee,Rodentia,Gliridae,Eliomys,quercinus,NA,,,,63460,1001529,Holden (2005) (information at https://hesperomys.com/a/8525),
100021455,Eliomys quercinus,superans,Ognev & Stroganov,1936,0,available,synonym,Eliomys quercinus superans,Eliomys quercinus superans,subspecies,"Ognev, S.I. and Stroganov, S.U. 1936. Новая форма садовой сони _Eliomys quercinus superans_ subsp. nov. из Восточной Европы. Сборник научно-исследовательского института зоологии Московского государственного института 3:84-85.",NA,,Сборник научно-исследовательского института зоологии Московского государственного института,electronic,84,https://books.google.com/books?id=yTDYEAAAQBAJ&pg=PA84,,,,"Kalininskaya oblast', Penovskiy rayon, reka Zhukola-pravyy pritok Volgi (b. Ostashkovskiy u. Tverskoy gub.)","""Former Ostashov subdistrict of Tver Govt., Kalinin Province (River Chukopa), Russia."" (Ellerman & Morrison-Scott, 1966) | ""«Zhukopa R. (a right tributary of Volga R.), Penovskiy Distr., Kalininskaya Obl.» [Tverskaya Obl., Russia]."" (Borisenko, Vasil'yeva, Verigina, Dunayev, Kalyakin, Koblik, Kruskop, Orlova, Pavlinov, Red'kin, Sazonov, Spasskaya & Tomkovich, 2001)",,,,Russia,Tver Oblast,,ZMMU S-25242,holotype,https://zmmu.msu.ru/dbs/list_record.php?id=S-25242,Rodentia,Gliridae,Eliomys,quercinus,NA,,,,63464,1001529,Holden (2005) (information at https://hesperomys.com/a/8525),
100021456,Eliomys quercinus,liparensis,Kahmann,1960,0,available,synonym,Eliomys quercinus liparensis,Eliomys quercinus liparensis,subspecies,,"Kahmann, H. (1960). Der Gartenschläfer auf der Insel Lipari. Zoologischer Anzeiger, 164, 172-185.",,Zoologischer Anzeiger,,172-185,,,,,,"""Lipari Island, N. of Sicily"" (Corbet, 1978)",,,,Italy,Sicily,,,,,Rodentia,Gliridae,Eliomys,quercinus,NA,,,,63457,1001529,Holden (2005) (information at https://hesperomys.com/a/8525),
100021457,Eliomys quercinus,dalmaticus,Đulić & Felten,1962,0,available,synonym,Eliomys quercinus dalmaticus,Eliomys quercinus dalmaticus,subspecies,,"Dulic, B. & Felten, H. 1962. Säugetiere (Mammalia) aus Dalmatien. Senckenberg. biol. 43:417-423.",,Senckenbergiana biologica,,417-423,,,,,,"""Mosor Mountains (14 km E. of Split), Dalmatia, Yugoslavia"" (Corbet, 1978) | ""Vrh Kosa, planina Mosor, Dalmacija Jugoslavija"" (Đulić & Vidinić, 1967)",,,,Croatia,,,SMF:MAMM:20836,holotype,,Rodentia,Gliridae,Eliomys,quercinus,NA,,,,63449,1001529,Đulić & Vidinić (1967:149) (information at https://hesperomys.com/a/68691) | Holden (2005) (information at https://hesperomys.com/a/8525),
100030099,Eliomys quercinus,helleri,Jánossy,1962,0,available,synonym,Eliomys quercinus helleri,Eliomys quercinus helleri,subspecies,"Jánossy, D. 1962. Vorläufige Mitteilung über die Mittelpleistozäne Vertebratenfauna der Tarkő-Felsnisehe (NO-Ungarn, Bükk-Gebirge). Annales Historico-Naturales Musei Nationalis Hungarici, Pars Mineralogica et Palaeontologica 54:155-176.",NA,,"Annales Historico-Naturales Musei Nationalis Hungarici, Pars Mineralogica et Palaeontologica",electronic,166,,,,,Tarkő Felsnische,"""Middle Pleistocene Tar-kő, rock-shelter, Felsőtárkány"" (Pálfy, Dulai, Gasparik, Ozsvárt, Pazonyi & Szives, 2008)",,,,Hungary,,,HNHM V.64.483,holotype,,Rodentia,Gliridae,Eliomys,quercinus,,,,,63454,1001529,,
100021458,Eliomys quercinus,valverdei,"Palacios, Castroviejo, & Garzón",1974,0,available,synonym,Eliomys quercinus valverdei,Eliomys quercinus valverdei,subspecies,"Palacios, F., Castroviejo, J. and Garzón, J. 1974. _Eliomys quercinus valverdei_, un nuevo lirón careto del noroeste de la Península Ibérica. Doñana, Acta Vertebrata 1:201-211.",NA,,"Doñana, Acta Vertebrata",electronic,202,,,,,"Penas Apañadas, Pico dos Tres Obispos 1700 msnm. Donis, Sierra de los Ancares (Provincia de Lugo) España","""Penas Apañadas, Picos dos Tres Obispos, Donis, Sierra de los Ancares, Prov. de Lugo, Spain (1700 m)"" (Corbet, 1978)",,,,Spain,Galicia,Lugo,EBD A. 6710252,holotype,,Rodentia,Gliridae,Eliomys,quercinus,NA,,,,63465,1001529,Holden (2005) (information at https://hesperomys.com/a/8525),
100049993,Eliomys quercinus,jurrasicus,Holden,2005,0,incorrect_subsequent_spelling | not_used_as_valid,synonym,jurrasicus,Eliomys jurrasicus,synonym_species,"Holden, M.E. 2005. Family Gliridae. Pp. 819–841 in Wilson, D.E. and Reeder, D.M. (eds.). Mammal Species of the World: A Taxonomic and Geographic Reference. Johns Hopkins University Press, Baltimore, 2142 pp.",NA,,Baltimore,electronic,835,http://www.bucknell.edu/msw3,,,,,,,,,,,,,,,Rodentia,Gliridae,Eliomys,quercinus,,"Eliomys quercinus jurassicus von Burg, 1920 [100021452]",,,122381,1001529,Holden (2005:835) (information at https://hesperomys.com/a/8525),
100021459,Glirulus japonicus,elegans,Temminck,1844,1,preoccupied,synonym,Myoxus elegans,Myoxus elegans,species,"Temminck, C.J. 1844. Aflevering 2. Pp. 25–59 in Temminck, C.J. Fauna Japonica. Aperçu général et spécifique sur les mammifères qui habitent le Japon et les îles qui en dépendent. A. Arnz & Co., Leiden, 59 pp.",NA,,Leiden,electronic,52,https://www.biodiversitylibrary.org/page/53607646,https://www.biodiversitylibrary.org/page/53607636,,,"On la trouve dans l'île de Sikok, province d'Awa.","""Japan ... Shikoku"" (Naturalis, 2018) | ""Province Awa, Shikoku, Japan (fide Kuroda). Not of Ogilby, 1838."" (Ellerman & Morrison-Scott, 1966)",,,,Japan,Shikoku Region,Tokushima Prefecture,"RMNH.MAM.39367, RMNH.MAM.39368, RMNH.MAM.39369",syntypes,https://data.biodiversitydata.nl/naturalis/specimen/RMNH.MAM.39367.a | https://data.biodiversitydata.nl/naturalis/specimen/RMNH.MAM.39367.b | https://data.biodiversitydata.nl/naturalis/specimen/RMNH.MAM.39368.a | https://data.biodiversitydata.nl/naturalis/specimen/RMNH.MAM.39368.b | https://data.biodiversitydata.nl/naturalis/specimen/RMNH.MAM.39369,Rodentia,Gliridae,Glirulus,japonicus,NA,,"Graphiurus elegans W. Ogilby, 1838 [100021555]",,63172,1001505,Holden (2005) (information at https://hesperomys.com/a/8525),"invalid name ICZN 2001, Opinion 1978"
100021460,Glirulus japonicus,japonicus,H. R. Schinz,1845,1,nomen_novum | as_emended,species,Myoxus javanicus,Myoxus javanicus,species,"Schinz, H.R. 1845. Systematisches Verzeichniss aller bis jetzt bekannten Säugethiere oder Synopsis Mammalium nach dem Cuvier'schen System. Zweiter Band. Jent und Gassmann, Solothurn, 574 pp.",NA,,Solothurn,electronic,530,https://books.google.com/books?id=yNwTAAAAQAAJ,,,,"On la trouve dans l'île de Sikok, province d'Awa.","""Japan"" (Holden, 2005) | ""Japan."" (Honacki, Kinman & Koeppl, 1982) | ""Japan. See Thomas, 1906, P.Z.S. 1905, 2: 347, on status of name."" (Ellerman & Morrison-Scott, 1966) | ""Japan ... Shikoku"" (Naturalis, 2018) | ""Province Awa, Shikoku, Japan (fide Kuroda). Not of Ogilby, 1838."" (Ellerman & Morrison-Scott, 1966)",,,,Japan,Shikoku Region,Tokushima Prefecture,"RMNH.MAM.39367, RMNH.MAM.39368, RMNH.MAM.39369",syntypes,https://data.biodiversitydata.nl/naturalis/specimen/RMNH.MAM.39367.a | https://data.biodiversitydata.nl/naturalis/specimen/RMNH.MAM.39367.b | https://data.biodiversitydata.nl/naturalis/specimen/RMNH.MAM.39368.a | https://data.biodiversitydata.nl/naturalis/specimen/RMNH.MAM.39368.b | https://data.biodiversitydata.nl/naturalis/specimen/RMNH.MAM.39369,Rodentia,Gliridae,Glirulus,japonicus,NA,"Myoxus elegans Temminck, 1844 [100021459]",,,63171,1001505,Holden (2005) (information at https://hesperomys.com/a/8525),
100055815,Glirulus japonicus,elegans,Giebel,1855,1,name_combination,synonym,Muscardinus elegans,Muscardinus elegans,species,"Giebel, C.G. 1855. Die Säugethiere in zoologischer, anatomischer und palæontologischer Beziehung. Ambrosius Abel, Leipzig, 1108 pp.",NA,,Leipzig,electronic,624,https://www.biodiversitylibrary.org/item/163353,https://www.biodiversitylibrary.org/page/45548815,,,,,,,,,,,,,,Rodentia,Gliridae,Glirulus,japonicus,,"Myoxus elegans Temminck, 1844 [100021459]",,,130587,1001505,"Giebel (1855:624, https://www.biodiversitylibrary.org/page/45548815) (information at https://hesperomys.com/a/38563) | Murray (1866:352, https://www.biodiversitylibrary.org/page/15580348) (information at https://hesperomys.com/a/39798)",
100033017,Glirulus japonicus,japonicus,A. R. Wallace,1880,1,justified_emendation,synonym,Myoxus japonicus,Myoxus japonicus,species,"Wallace, A.R. 1880. Island Life. Macmillan and Co., London, 526 pp.",NA,,London,electronic,367,https://books.google.com/books?id=ZUUDAAAAQAAJ,,,,,,,,,,,,,,,Rodentia,Gliridae,Glirulus,japonicus,,"Myoxus javanicus H. R. Schinz, 1845 [100021460]",,,82127,1001505,Wallace (1880:367) (information at https://hesperomys.com/a/68070),
100021462,Glirulus japonicus,lasiotis,O. Thomas,1880,1,nomen_novum,synonym,Myoxus lasiotis,Myoxus lasiotis,species,"Thomas, O. 1880-06. On the _Myoxus elegans_ of Temminck. Proceedings of the Zoological Society of London 1880(1):40-41.",NA,"""P.Z.S. 40."" (Ellerman & Morrison-Scott, 1966)",Proceedings of the Zoological Society of London,electronic,40,https://www.biodiversitylibrary.org/page/28522138,https://www.biodiversitylibrary.org/page/28522138,,,"On la trouve dans l'île de Sikok, province d'Awa.","""Near Yokohama, Hondo, Japan."" (Ellerman & Morrison-Scott, 1966) | ""Japan ... Shikoku"" (Naturalis, 2018) | ""Province Awa, Shikoku, Japan (fide Kuroda). Not of Ogilby, 1838."" (Ellerman & Morrison-Scott, 1966)",,,,Japan,Shikoku Region,Tokushima Prefecture,"RMNH.MAM.39367, RMNH.MAM.39368, RMNH.MAM.39369",syntypes,https://data.biodiversitydata.nl/naturalis/specimen/RMNH.MAM.39367.a | https://data.biodiversitydata.nl/naturalis/specimen/RMNH.MAM.39367.b | https://data.biodiversitydata.nl/naturalis/specimen/RMNH.MAM.39368.a | https://data.biodiversitydata.nl/naturalis/specimen/RMNH.MAM.39368.b | https://data.biodiversitydata.nl/naturalis/specimen/RMNH.MAM.39369,Rodentia,Gliridae,Glirulus,japonicus,NA,"Myoxus elegans Temminck, 1844 [100021459]",,,63174,1001505,Holden (2005) (information at https://hesperomys.com/a/8525),"invalid name ICZN 2001, Opinion 1978"
100035775,Glirulus japonicus,japonicus,O. Thomas,1906,0,name_combination,synonym,Glirulus japonicus,Glirulus japonicus,species,"Thomas, O. 1906-04-05. The Duke of Bedford's zoological exploration in eastern Asia.-I. List of mammals obtained by Mr. M. P. Anderson in Japan. Proceedings of the Zoological Society of London 1905-II(2):331-363.",NA,,Proceedings of the Zoological Society of London,electronic,347,https://www.biodiversitylibrary.org/part/72509,https://www.biodiversitylibrary.org/page/31888080,,,,,,,,,,,,,,Rodentia,Gliridae,Glirulus,japonicus,,"Myoxus javanicus H. R. Schinz, 1845 [100021460]",,,107529,1001505,"Thomas (1906:347, https://www.biodiversitylibrary.org/page/31888080) (information at https://hesperomys.com/a/14049) | Honacki, Kinman & Koeppl (1982:561) (information at https://hesperomys.com/a/63071) | Holden (1993:769) (information at https://hesperomys.com/a/69027) | Holden (2005) (information at https://hesperomys.com/a/8525) | Wilson, Lacher & Mittermeier (2016:852) (information at https://hesperomys.com/a/59599) | Mammal Diversity Database (2018:ID #9246) (information at https://hesperomys.com/a/67336) | Mammal Diversity Database (2019:ID #9246) (information at https://hesperomys.com/a/67337) | Mammal Diversity Database (2024, https://www.mammaldiversity.org/taxon/1001505) (information at https://hesperomys.com/a/67250) | International Union for the Conservation of Nature (2024, https://www.iucnredlist.org/species/9246/22222495) (information at https://hesperomys.com/a/67246)",
100046871,Glirulus japonicus,japonicus,Corbet & J. Edwards Hill,1980,0,name_combination,synonym,Glirurus japonicus,Glirurus japonicus,species,"Corbet, G.B. and Hill, J.E. 1980. A World List of Mammalian Species. British Museum (Natural History), London, 226 pp.",NA,,London,electronic,186,,,,,,,,,,,,,,,,Rodentia,Gliridae,Glirulus,japonicus,,"Myoxus javanicus H. R. Schinz, 1845 [100021460]",,,118945,1001505,Corbet & Hill (1980:186) (information at https://hesperomys.com/a/63069) | Corbet & Hill (1991:197) (information at https://hesperomys.com/a/63070),
100021463,Glis glis,glis,Linnaeus,1766,1,available,species,Sciurus Glis,Sciurus glis,species,"Linnaeus, C. 1766. Systema Naturæ per Regna Tria Naturæ, Secundum Classes, Ordines, Genera, Species, cum Characteribus, Differentiis, Synonymis, Locis. Tomus I. Editio Duodecima, Reformata. Laurentii Salvii, Stockholm, 532 pp.",NA,,Stockholm,electronic,87,https://www.biodiversitylibrary.org/item/137337,https://www.biodiversitylibrary.org/page/42946283,,"Habitat in Europa australi. Restricted by C. Violani and B. Zava in 1994 to Southern Carniola, Slovenia.",Habitat in Europa australi,"""Germany."" (Ellerman & Morrison-Scott, 1966) | ""Germany."" (Honacki, Kinman & Koeppl, 1982) | ""Since Scopoli's specimen is stated to originate from ""Carniolia, in primis inferiore"" in the letter of 1763, we here restrict the Linnean type locality to Southern Carniola in Slovenia"" (Violani & Zava, 1995) | ""Slovenia, Carniola. Violani and Zava (1995) restricted the type locality of G. glis to Southern Carniola, Slovenia, based on a letter written by Scopoli describing the Fat Dormouse to Linnaeus, who was unacquainted with the animal. Scopoli gave the following locality information, ""Habitat in Carniola, in primis inferiore"", which Violani and Zava (1995) translated to mean ""Southern Carniola"". An alternate translation of ""Habitat in Carniola, in primis inferiore."" is ""dwells in Carniola, principally Southern."" Krystufek is of the opinion that Scopoli likely became acquainted with the Fat Dormouse in the vicinity of Idrija, central Slovenia, where Scopoli worked as a physician, and where Fat Dormice are still common (B. Kryštufek, pers. comm.). Unless additional locality information is uncovered regarding the Scopoli specimen, it seems more accurate to list the type locality as simply Carniola."" (Holden, 2005) | ""Type locality ""Habitat in Europa australi [lives in southern Europe]""; type locality was erroneously restricted to ""Germany"" (Miller 1912: 577); emended by Violani and Zava (1995: 111) to ""Southern Carniola in Slovenia"". Type locality is further restricted by the neotype (see below) to ""above Preserje, Mt. Krim, Slovenia; coordinates 45.924620N 14.439479E"". @"" (Kryštufek, Naderi, Janžekovič, Hutterer, Bombek & Mahmoudi, 2021)",,45.92462,14.439479,Slovenia,,,PMS 27369,neotype,,Rodentia,Gliridae,Glis,glis,NA,,,,63187,1001506,"Linnaeus (1766:87, https://www.biodiversitylibrary.org/page/42946283) (information at https://hesperomys.com/a/38438) | Boddaert (1772:67, https://www.biodiversitylibrary.org/page/43563439) (information at https://hesperomys.com/a/67754) | Erxleben (1777:429, https://www.biodiversitylibrary.org/page/15873226) (information at https://hesperomys.com/a/36060) | Borowski (1780:48, https://www.biodiversitylibrary.org/page/28347104) (information at https://hesperomys.com/a/67758)",
100031932,Glis glis,somnolentus,E. A. W. von Zimmermann,1777,1,placed_on_index,synonym,Rattus somnolentus,Rattus somnolentus,species,"Zimmermann, E.A.W. von. 1777. Specimen zoologiae geographicae, quadrupedum domicilia et migrationes sistens. Theodorus Haak, Leiden, 685 pp.",NA,,Leiden,electronic,344,https://www.biodiversitylibrary.org/item/231300,https://www.biodiversitylibrary.org/page/53966149,,,,,,,,,,,,,,Rodentia,Gliridae,Glis,glis,,,,,79097,1001506,,
100021464,Glis glis,esculentus,Blumenbach,1779,0,nomen_novum,synonym,Glis esculentus,Glis esculentus,species,"Blumenbach, J.F. 1779. Handbuch der Naturgeschichte. Johann Christian Dieterich, Göttingen, 448 pp.",NA,,Göttingen,electronic,79,https://www.biodiversitylibrary.org/item/152373,https://www.biodiversitylibrary.org/page/44318916,,,Habitat in Europa australi,"""Central Europe."" (Ellerman & Morrison-Scott, 1966) | ""Type locality is ""im südlichen Europa [in southern Europe]"". Miller (1912: 577) erroneously reported the type locality as ""Central Europe"". Blumenbach refers to ""Valvassor"" (i.e. Valvasor 1689: 437) who quoted the fat dormouse, as ""Billich"" [German] or ""Pouh"" [Slovenian] for ""Krain [Carniola]"". Therefore, esculentus has the same type locality as S. glis Linnaeus. @"" (Kryštufek, Naderi, Janžekovič, Hutterer, Bombek & Mahmoudi, 2021) | ""Germany."" (Ellerman & Morrison-Scott, 1966) | ""Germany."" (Honacki, Kinman & Koeppl, 1982) | ""Since Scopoli's specimen is stated to originate from ""Carniolia, in primis inferiore"" in the letter of 1763, we here restrict the Linnean type locality to Southern Carniola in Slovenia"" (Violani & Zava, 1995) | ""Slovenia, Carniola. Violani and Zava (1995) restricted the type locality of G. glis to Southern Carniola, Slovenia, based on a letter written by Scopoli describing the Fat Dormouse to Linnaeus, who was unacquainted with the animal. Scopoli gave the following locality information, ""Habitat in Carniola, in primis inferiore"", which Violani and Zava (1995) translated to mean ""Southern Carniola"". An alternate translation of ""Habitat in Carniola, in primis inferiore."" is ""dwells in Carniola, principally Southern."" Krystufek is of the opinion that Scopoli likely became acquainted with the Fat Dormouse in the vicinity of Idrija, central Slovenia, where Scopoli worked as a physician, and where Fat Dormice are still common (B. Kryštufek, pers. comm.). Unless additional locality information is uncovered regarding the Scopoli specimen, it seems more accurate to list the type locality as simply Carniola."" (Holden, 2005) | ""Type locality ""Habitat in Europa australi [lives in southern Europe]""; type locality was erroneously restricted to ""Germany"" (Miller 1912: 577); emended by Violani and Zava (1995: 111) to ""Southern Carniola in Slovenia"". Type locality is further restricted by the neotype (see below) to ""above Preserje, Mt. Krim, Slovenia; coordinates 45.924620N 14.439479E"". @"" (Kryštufek, Naderi, Janžekovič, Hutterer, Bombek & Mahmoudi, 2021)",,45.92462,14.439479,Slovenia,,,PMS 27369,neotype,,Rodentia,Gliridae,Glis,glis,NA,"Sciurus glis Linnaeus, 1766 [100021463]",,,63193,1001506,Holden (2005) (information at https://hesperomys.com/a/8525),
100033863,Glis glis,glis,E. A. W. von Zimmermann,1783,1,name_combination,synonym,Myoxus glis,Myoxus glis,species,"Zimmermann, E.A.W. von. 1783. Geographische Geschichte des Menschen, und der vierfüßigen Thiere. Dritter Band. Weygandsche Buchhandlung, Leipzig, 278 pp.",NA,,Leipzig,electronic,159,https://books.google.com/books?id=3Ko-AAAAcAAJ,,,,,,,,,,,,,,,Rodentia,Gliridae,Glis,glis,,"Sciurus glis Linnaeus, 1766 [100021463]",,,105162,1001506,"Zimmermann (1783:159) (information at https://hesperomys.com/a/69242) | Zimmermann (1783:165) (information at https://hesperomys.com/a/69242) | Boddaert (1785:121, https://www.biodiversitylibrary.org/page/28230085) (information at https://hesperomys.com/a/35384) | Gmelin (1788:155, https://www.biodiversitylibrary.org/page/25751375) (information at https://hesperomys.com/a/35943) | Kerr (1792:270, https://www.biodiversitylibrary.org/page/38664294) (information at https://hesperomys.com/a/36283) | Link (1795:77, https://www.biodiversitylibrary.org/page/46272953) (information at https://hesperomys.com/a/35635) | Borkhausen (1797:69, https://www.biodiversitylibrary.org/page/38962577) (information at https://hesperomys.com/a/59275) | Daudin (1802:169, https://www.biodiversitylibrary.org/page/42033419) (information at https://hesperomys.com/a/64044) | Turton (1802:97, https://www.biodiversitylibrary.org/page/25772953) (information at https://hesperomys.com/a/69249) | Fischer (1803:129, https://www.biodiversitylibrary.org/page/47061736) (information at https://hesperomys.com/a/69311) | Goldfuss (1809:128, https://www.biodiversitylibrary.org/page/47497962) (information at https://hesperomys.com/a/34654) | Fischer (1813:443, https://www.biodiversitylibrary.org/page/29109554) (information at https://hesperomys.com/a/49925) | Fischer (1814:vi, https://www.biodiversitylibrary.org/page/29130067) (information at https://hesperomys.com/a/12226) | Illiger (1815:62, https://www.biodiversitylibrary.org/page/11080918) (information at https://hesperomys.com/a/38688) | Voigt (1819:415) (information at https://hesperomys.com/a/69477) | Muirhead (1819:434) (information at https://hesperomys.com/a/69481) | Hemprich (1820:32) (information at https://hesperomys.com/a/69417) | Ranzani (1820:419, https://www.biodiversitylibrary.org/page/27807999) (information at https://hesperomys.com/a/69425) | Goldfuss (1820:438) (information at https://hesperomys.com/a/41309) | Schinz (1821:281, https://www.biodiversitylibrary.org/page/51529042) (information at https://hesperomys.com/a/37604) | Desmarest (1822:293, https://www.biodiversitylibrary.org/page/39521747) (information at https://hesperomys.com/a/36189) | Lesson (1827:273, https://www.biodiversitylibrary.org/page/54207740) (information at https://hesperomys.com/a/36839) | Fischer (1829:308) (information at https://hesperomys.com/a/59856) | Wagler (1830:19, https://www.biodiversitylibrary.org/page/38965765) (information at https://hesperomys.com/a/56273) | Eichwald (1831:371, https://www.biodiversitylibrary.org/page/35753036) (information at https://hesperomys.com/a/67585) | Cuvier (1833:446, https://www.biodiversitylibrary.org/page/26232919) (information at https://hesperomys.com/a/37101) | Küster (1835:80, https://www.biodiversitylibrary.org/page/13242316) (information at https://hesperomys.com/a/67761) | Schinz (1837:19, https://www.biodiversitylibrary.org/page/13859855) (information at https://hesperomys.com/a/67792) | Nordmann (1839:53, https://www.biodiversitylibrary.org/page/63252015) (information at https://hesperomys.com/a/69245) | Wagner (1840:185, https://www.biodiversitylibrary.org/page/11357231) (information at https://hesperomys.com/a/69196) | Cuvier (1842:4, https://www.biodiversitylibrary.org/page/44518527) (information at https://hesperomys.com/a/60227) | Smith (1842:306, https://books.google.com/books?id=DvE_AAAAcAAJ&pg=PA306) (information at https://hesperomys.com/a/67141) | Lesson (1842:133) (information at https://hesperomys.com/a/36812) | Crespon (1844:60, https://www.biodiversitylibrary.org/page/52795668) (information at https://hesperomys.com/a/38970) | Gistel (1848:246, https://www.biodiversitylibrary.org/page/25781123) (information at https://hesperomys.com/a/69572) | Gervais (1850:23, https://www.biodiversitylibrary.org/page/27348807) (information at https://hesperomys.com/a/61633) | Blainville (1855:10, https://www.biodiversitylibrary.org/page/57986931) (information at https://hesperomys.com/a/37133) | Blyth (1863:109, https://www.biodiversitylibrary.org/page/47534790) (information at https://hesperomys.com/a/37155) | Sclater (1872:67, https://www.biodiversitylibrary.org/page/17037844) (information at https://hesperomys.com/a/61617) | Schulze (1897:88) (information at https://hesperomys.com/a/60594) | Acloque (1900:44) (information at https://hesperomys.com/a/59737) | Nehring (1903:187, https://www.biodiversitylibrary.org/page/7660716) (information at https://hesperomys.com/a/68561) | Satunin (1905:54, 76, https://www.biodiversitylibrary.org/page/58456246, https://www.biodiversitylibrary.org/page/58456268) (information at https://hesperomys.com/a/69038) | Satunin (1905:54, https://www.biodiversitylibrary.org/page/58456246) (information at https://hesperomys.com/a/69038) | Satunin (1905:55, https://books.google.com/books?id=WL46AQAAIAAJ&pg=RA2-PA55) (information at https://hesperomys.com/a/69041) | Satunin (1906:178, 334, https://www.biodiversitylibrary.org/page/58456384, https://www.biodiversitylibrary.org/page/58456540) (information at https://hesperomys.com/a/69040) | Lucifero (1907:46, https://www.biodiversitylibrary.org/page/32999714) (information at https://hesperomys.com/a/69042) | Honacki, Kinman & Koeppl (1982:562) (information at https://hesperomys.com/a/63071) | Holden (1993:770) (information at https://hesperomys.com/a/69027) | O'Brien, Menninger & Nash (2006:315) (information at https://hesperomys.com/a/7321)",
100036053,Glis glis,glis,G. Cuvier,1797,1,name_combination,synonym,Mus glis,Mus glis,species,"Cuvier, G. 1797-12-24. Tableau élémentaire de l'histoire naturelle des animaux. Baudouin, Paris, 710 pp.",NA,,Paris,electronic,141,https://www.biodiversitylibrary.org/item/42906,https://www.biodiversitylibrary.org/page/11637223,,,,,,,,,,,,,,Rodentia,Gliridae,Glis,glis,,"Sciurus glis Linnaeus, 1766 [100021463]",,,107811,1001506,"Cuvier (1797:141, https://www.biodiversitylibrary.org/page/11637223) (information at https://hesperomys.com/a/38531)",
100021465,Glis glis,vulgaris,Oken,1816,0,placed_on_index | nomen_novum,synonym,Glis vulgaris,Glis vulgaris,species,"Oken, L. 1816. Okens Lehrbuch der Naturgeschichte. Dritter Theil. Zoologie. Zweite Abtheilung. Fleischthiere. August Schmid und Comp, Jena, 1270 pp.",NA,,Jena,electronic,868,https://www.biodiversitylibrary.org/item/276843,https://www.biodiversitylibrary.org/page/59375615,,,,"""Germany."" (Ellerman & Morrison-Scott, 1966)",,,,,,,,,,Rodentia,Gliridae,Glis,glis,NA,"Sciurus glis Linnaeus, 1766 [100021463]",,,63212,1001506,Holden (2005) (information at https://hesperomys.com/a/8525),
100021466,Glis glis,giglis,F. Cuvier,1832,1,incorrect_subsequent_spelling,synonym,Myoxus Giglis,Myoxus giglis,species,"Cuvier, F. 1832. Description des caractères propres aux genres Graphiure et Cercomys de l'ordre des rongeurs. Nouvelles annales du Muséum d'histoire naturelle 1:441-452.",NA,,Nouvelles annales du Muséum d'histoire naturelle,electronic,444,https://www.biodiversitylibrary.org/page/35799471,https://www.biodiversitylibrary.org/page/35799474,,,,"""nom. nud."" (Ellerman & Morrison-Scott, 1966)",,,,,,,,,,Rodentia,Gliridae,Glis,glis,NA,"Sciurus glis Linnaeus, 1766 [100021463]",,,63195,1001506,Holden (2005) (information at https://hesperomys.com/a/8525),
100030739,Glis glis,diluvianus,zu Münster,1833,1,nomen_nudum,synonym,Myoxus diluvianus,Myoxus diluvianus,species,"Münster, G. zu. 1833-09. Verzeichniss der Versteinerungen, welche in der Kreis-Naturalien-Sammlung zu Bayreuth vorhanden sind. None, Bayreuth, 115 pp.",NA,,Bayreuth,electronic,8,https://www.digitale-sammlungen.de/en/view/bsb10707104,,,,Aus den Knochenhöhlen von Brumberg und Gailenreuth.,,,,,Germany,Bavaria,,,,,Rodentia,Gliridae,Glis,glis,,,,,99794,1001506,,
100021467,Glis glis,avellanus,R. Owen,1840,1,nomen_nudum,synonym,Myoxus avellanus,Myoxus avellanus,species,,"Odontography, 2: 25, pl. 105.","""Odontography, 2: 25, pl. 105."" (Ellerman & Morrison-Scott, 1966)",London,,25,,,,,,"""No locality"" (Kryštufek, Naderi, Janžekovič, Hutterer, Bombek & Mahmoudi, 2021)",,,,,,,,,,Rodentia,Gliridae,Glis,glis,NA,,,,63190,1001506,Holden (2005) (information at https://hesperomys.com/a/8525),
100055814,Glis glis,vulgaris,Giebel,1855,0,nomen_novum,synonym,Glis vulgaris,Glis vulgaris,species,"Giebel, C.G. 1855. Die Säugethiere in zoologischer, anatomischer und palæontologischer Beziehung. Ambrosius Abel, Leipzig, 1108 pp.",NA,,Leipzig,electronic,622,https://www.biodiversitylibrary.org/item/163353,https://www.biodiversitylibrary.org/page/45548813,,,Habitat in Europa australi,"""South and Temperate Europe, as far as Georgia and the Wolga"" (Murray, 1866) | ""Germany."" (Ellerman & Morrison-Scott, 1966) | ""Germany."" (Honacki, Kinman & Koeppl, 1982) | ""Since Scopoli's specimen is stated to originate from ""Carniolia, in primis inferiore"" in the letter of 1763, we here restrict the Linnean type locality to Southern Carniola in Slovenia"" (Violani & Zava, 1995) | ""Slovenia, Carniola. Violani and Zava (1995) restricted the type locality of G. glis to Southern Carniola, Slovenia, based on a letter written by Scopoli describing the Fat Dormouse to Linnaeus, who was unacquainted with the animal. Scopoli gave the following locality information, ""Habitat in Carniola, in primis inferiore"", which Violani and Zava (1995) translated to mean ""Southern Carniola"". An alternate translation of ""Habitat in Carniola, in primis inferiore."" is ""dwells in Carniola, principally Southern."" Krystufek is of the opinion that Scopoli likely became acquainted with the Fat Dormouse in the vicinity of Idrija, central Slovenia, where Scopoli worked as a physician, and where Fat Dormice are still common (B. Kryštufek, pers. comm.). Unless additional locality information is uncovered regarding the Scopoli specimen, it seems more accurate to list the type locality as simply Carniola."" (Holden, 2005) | ""Type locality ""Habitat in Europa australi [lives in southern Europe]""; type locality was erroneously restricted to ""Germany"" (Miller 1912: 577); emended by Violani and Zava (1995: 111) to ""Southern Carniola in Slovenia"". Type locality is further restricted by the neotype (see below) to ""above Preserje, Mt. Krim, Slovenia; coordinates 45.924620N 14.439479E"". @"" (Kryštufek, Naderi, Janžekovič, Hutterer, Bombek & Mahmoudi, 2021)",,45.92462,14.439479,Slovenia,,,PMS 27369,neotype,,Rodentia,Gliridae,Glis,glis,,"Sciurus glis Linnaeus, 1766 [100021463]",,,130586,1001506,"Giebel (1855:622, https://www.biodiversitylibrary.org/page/45548813) (information at https://hesperomys.com/a/38563) | Murray (1866:352, https://www.biodiversitylibrary.org/page/15580348) (information at https://hesperomys.com/a/39798)",
100021468,Glis glis,italicus,Barrett-Hamilton,1898,0,available,synonym,Glis italicus,Glis italicus,species,"Barrett-Hamilton, G.E.H. 1898-11-01. Note on the European dormice of the genera _Muscardinus_ and _Glis_. Annals and Magazine of Natural History (7)2(11):423-426.",NA,,Annals and Magazine of Natural History,electronic,424,https://www.biodiversitylibrary.org/part/59962,https://www.biodiversitylibrary.org/page/19336217,,,Siena,"""""Siena"", Italy."" (Kryštufek, Naderi, Janžekovič, Hutterer, Bombek & Mahmoudi, 2021) | ""Siena [Sienna]. N. Italy. [brackets original]"" (Natural History Museum, 2014) | ""Siena, Italy."" (Ellerman & Morrison-Scott, 1966)",,,,Italy,Tuscany,,BMNH:Mamm:1898.10.2.14,holotype,https://data.nhm.ac.uk/object/05e18bc9-87f6-4497-93ff-f739fdc10beb,Rodentia,Gliridae,Glis,glis,NA,,,,63198,1001506,Holden (2005) (information at https://hesperomys.com/a/8525) | Gippoliti (2013:18) (information at https://hesperomys.com/a/25250),
100021469,Glis glis,insularis,Barrett-Hamilton,1899,0,available,synonym,Glis insularis,Glis insularis,species,"Barrett-Hamilton, G.E.H. 1899-03-01. Note on the Sicilian dormice of the genera _Eliomys_ and _Glis_. Annals and Magazine of Natural History (7)3(15):226-228.",NA,,Annals and Magazine of Natural History,electronic,228,https://www.biodiversitylibrary.org/part/58813,https://www.biodiversitylibrary.org/page/19210603,,,"Monte Aspro, near Palermo","""""Monte Aspro, near Palermo"", Sicily, Italy."" (Kryštufek, Naderi, Janžekovič, Hutterer, Bombek & Mahmoudi, 2021) | ""Agghiru, Monte Aspro, near Palermo"" (Natural History Museum, 2014) | ""Monte Aspro, Palermo, Sicily."" (Ellerman & Morrison-Scott, 1966)",,,,Italy,Sicily,,BMNH:Mamm:1898.10.6.4,holotype,https://data.nhm.ac.uk/object/2e46b318-9fdc-4a4f-8e5e-48c358924572,Rodentia,Gliridae,Glis,glis,NA,,,,63196,1001506,Holden (2005) (information at https://hesperomys.com/a/8525),
100021470,Glis glis,orientalis,Nehring,1903,1,available,synonym,Myoxus glis orientalis,Myoxus glis orientalis,subspecies,"Nehring, A. 1903. Herr A. Nehring sprach über Muscardinns avellanarius und Myoxus glis orientalis, nov. subsp., aus Kleinasien. Sitzungsberichte der Gesellschaft Naturforschender Freunde zu Berlin 1903(4):187-188.",NA,"""S.B. Ges. Nat. Fr. Berlin, 187"" (Ellerman & Morrison-Scott, 1966)",Sitzungsberichte der Gesellschaft Naturforschender Freunde zu Berlin,electronic,187,https://www.biodiversitylibrary.org/page/7660716,https://www.biodiversitylibrary.org/page/7660716,,,"am Gebirge Alem Dagh, nordöstlich von Scutari, in Kleinasien","""""Gebirge Alem-Dagh, nordöstlich von Scutari, in Kleinasien [Üskudar, Alem Dağı Mts., İstanbul, Turkey in Asia]. @"" (Kryštufek, Naderi, Janžekovič, Hutterer, Bombek & Mahmoudi, 2021) | ""Alan Dagh Mountains, near Scutari, Asia Miimr. Ranges south to Palestine, according to Bodenheimcr."" (Ellerman & Morrison-Scott, 1966) | ""near Scutari (=Üsküdar), Alan Dağ (= Alem Dağı), İstanbul, Turkey."" (Kryštufek & Vohralík, 2009)",,,,Turkey,,,,holotype,,Rodentia,Gliridae,Glis,glis,NA,,,,63202,1001506,"Nehring (1903:187, https://www.biodiversitylibrary.org/page/7660716) (information at https://hesperomys.com/a/68561) | Holden (2005) (information at https://hesperomys.com/a/8525)",
100041087,Glis glis,glis,O. Thomas,1906,0,name_combination,synonym,Glis glis,Glis glis,species,"Thomas, O. 1906-09-01. Three new Palœarctic mammals. Annals and Magazine of Natural History (7)18(105):220-222.",NA,,Annals and Magazine of Natural History,electronic,220,https://www.biodiversitylibrary.org/page/51222887,https://www.biodiversitylibrary.org/page/51222887,,,,,,,,,,,,,,Rodentia,Gliridae,Glis,glis,,"Sciurus glis Linnaeus, 1766 [100021463]",,,112855,1001506,"Thomas (1906:220, https://www.biodiversitylibrary.org/page/51222887) (information at https://hesperomys.com/a/19700) | Miller (1912:573, https://www.biodiversitylibrary.org/page/8421892) (information at https://hesperomys.com/a/5948) | Dal' (1945:59) (information at https://hesperomys.com/a/68601) | Shidlovskiy (1962:76) (information at https://hesperomys.com/a/68819) | Đulić & Vidinić (1967:151) (information at https://hesperomys.com/a/68691) | Kurtén (1968:206) (information at https://hesperomys.com/a/5363) | Corbet & Hill (1980:185) (information at https://hesperomys.com/a/63069) | Ünay-Bayraktar (1989:76) (information at https://hesperomys.com/a/7522) | Corbet & Hill (1991:196) (information at https://hesperomys.com/a/63070) | Holden (2005) (information at https://hesperomys.com/a/8525) | Gippoliti (2013:17) (information at https://hesperomys.com/a/25250) | Wilson, Lacher & Mittermeier (2016:853) (information at https://hesperomys.com/a/59599) | Mammal Diversity Database (2018:ID #39316) (information at https://hesperomys.com/a/67336) | Gatta, Kotsakis, Pandolfi, Petronio, Salari, Achino, Silvestri & Rolfo (2019:59) (information at https://hesperomys.com/a/41206) | Mammal Diversity Database (2019:ID #39316) (information at https://hesperomys.com/a/67337) | Mammal Diversity Database (2024, https://www.mammaldiversity.org/taxon/1001506) (information at https://hesperomys.com/a/67250) | International Union for the Conservation of Nature (2024, https://www.iucnredlist.org/species/39316/197292692) (information at https://hesperomys.com/a/67246)",
100021471,Glis glis,spoliatus,O. Thomas,1906,0,available,synonym,Glis glis spoliatus,Glis glis spoliatus,subspecies,"Thomas, O. 1906-09-01. Three new Palœarctic mammals. Annals and Magazine of Natural History (7)18(105):220-222.",NA,,Annals and Magazine of Natural History,electronic,220,https://www.biodiversitylibrary.org/page/51222887,https://www.biodiversitylibrary.org/page/51222887,,,"Khotz, near Trebizond. Alt. 100 m.","""""Khotz [Çosandere; Kryštufek 2010: 196], near Trabizond [Trabzon]. Alt. 100 m"", Turkey in Asia. @"" (Kryštufek, Naderi, Janžekovič, Hutterer, Bombek & Mahmoudi, 2021) | ""Khotz (= Çosandere), Trabzon, Turkey."" (Kryštufek & Vohralík, 2009) | ""Khotz, near Trcbizond, Northern Asia Minor."" (Ellerman & Morrison-Scott, 1966) | ""Khotz, near Trebizond. Asia Minor."" (Natural History Museum, 2014)",,,,Turkey,,,BMNH:Mamm:1906.5.1.38,holotype,https://data.nhm.ac.uk/object/32404cb0-43ce-4b33-82d4-3b269ae8bf39,Rodentia,Gliridae,Glis,glis,NA,,,,63208,1001506,"Thomas (1906:220, https://www.biodiversitylibrary.org/page/51222887) (information at https://hesperomys.com/a/19700) | Holden (2005) (information at https://hesperomys.com/a/8525)",
100021472,Glis glis,melonii,O. Thomas,1907,0,available,synonym,Glis Melonii,Glis melonii,species,"Thomas, O. 1907-04-30. On the occurrence of the edible dormouse (genus _Glis_) in Sardinia. Annals and Magazine of Natural History (7)19(113):444-445.",NA,,Annals and Magazine of Natural History,electronic,445,https://www.biodiversitylibrary.org/page/24254904,https://www.biodiversitylibrary.org/page/24254905,,,"Marcurighè, Urzulei, Ogliastra, Sardinia.","""""Marcurighè, Urzulei, Ogliastra, Sardinia"", Italy."" (Kryštufek, Naderi, Janžekovič, Hutterer, Bombek & Mahmoudi, 2021) | ""Marcurighe, Urzulei, [Ogliastra], Sardinia. Italy. [brackets original]"" (Natural History Museum, 2014) | ""Marcurighè, Urzulei, Ogliastra, Sardinia."" (Ellerman & Morrison-Scott, 1966)",,,,Italy,Sardinia,,BMNH:Mamm:1908.4.6.1,holotype,https://data.nhm.ac.uk/object/7458a8b4-52ce-4560-80ad-2d0197a480ec | https://data.nhm.ac.uk/object/f66c5cf5-bec4-4306-b671-0dc05f993ca1,Rodentia,Gliridae,Glis,glis,NA,,,,63200,1001506,Holden (2005) (information at https://hesperomys.com/a/8525),
100021473,Glis glis,pyrenaicus,Cabrera,1908,0,available,synonym,Glis glis pyrenaicus,Glis glis pyrenaicus,subspecies,"Cabrera, Á. 1908-02-01. On Muscardinidæ from the Iberian Peninsula. Annals and Magazine of Natural History (8)1(2):188-194.",NA,,Annals and Magazine of Natural History,electronic,193,https://www.biodiversitylibrary.org/page/24295897,https://www.biodiversitylibrary.org/page/24295902,,,"neighbourhood of Allo, province of Navarre","""""Navarre Pyrenees, North Spain"" ""All, province of Navarre."""" (Kryštufek, Naderi, Janžekovič, Hutterer, Bombek & Mahmoudi, 2021) | ""Alio, Navarre, Spain."" (Ellerman & Morrison-Scott, 1966)",,,,Spain,Navarre,,MNCN 1223,holotype,,Rodentia,Gliridae,Glis,glis,NA,,,,63207,1001506,"Miller (1912:582, https://www.biodiversitylibrary.org/page/8421901) (information at https://hesperomys.com/a/5948) | Holden (2005) (information at https://hesperomys.com/a/8525)",
100050955,Glis glis,glis,G. S. Miller,1912,0,name_combination,synonym,Glis glis glis,Glis glis glis,subspecies,"Miller, G.S., Jr. 1912. Catalogue of the mammals of western Europe (Europe exclusive of Russia) in the collections of the British Museum. British Museum (Natural History), London, 1019 pp.",NA,,British Museum Catalogue,electronic,577,https://www.biodiversitylibrary.org/item/34559,https://www.biodiversitylibrary.org/page/8421896,,,,,,,,,,,,,,Rodentia,Gliridae,Glis,glis,,"Sciurus glis Linnaeus, 1766 [100021463]",,,123490,1001506,"Miller (1912:577, https://www.biodiversitylibrary.org/page/8421896) (information at https://hesperomys.com/a/5948)",
100050956,Glis glis,italicus,G. S. Miller,1912,0,name_combination,synonym,Glis glis italicus,Glis glis italicus,subspecies,"Miller, G.S., Jr. 1912. Catalogue of the mammals of western Europe (Europe exclusive of Russia) in the collections of the British Museum. British Museum (Natural History), London, 1019 pp.",NA,,British Museum Catalogue,electronic,578,https://www.biodiversitylibrary.org/item/34559,https://www.biodiversitylibrary.org/page/8421897,,,,,,,,,,,,,,Rodentia,Gliridae,Glis,glis,,"Glis italicus Barrett-Hamilton, 1898 [100021468]",,,123491,1001506,"Miller (1912:578, https://www.biodiversitylibrary.org/page/8421897) (information at https://hesperomys.com/a/5948)",
100050957,Glis glis,melonii,G. S. Miller,1912,0,name_combination,synonym,Glis glis melonii,Glis glis melonii,subspecies,"Miller, G.S., Jr. 1912. Catalogue of the mammals of western Europe (Europe exclusive of Russia) in the collections of the British Museum. British Museum (Natural History), London, 1019 pp.",NA,,British Museum Catalogue,electronic,579,https://www.biodiversitylibrary.org/item/34559,https://www.biodiversitylibrary.org/page/8421898,,,,,,,,,,,,,,Rodentia,Gliridae,Glis,glis,,"Glis melonii O. Thomas, 1907 [100021472]",,,123492,1001506,"Miller (1912:579, https://www.biodiversitylibrary.org/page/8421898) (information at https://hesperomys.com/a/5948)",
100021474,Glis glis,intermedius,Altobello,1920,0,available,synonym,Glis italicus intermedius,Glis italicus intermedius,subspecies,,"Fauna dell'Abruzzo c del Molise, Mamni. jj, Rodentia; 22.","""Fauna dell'Abruzzo c del Molise, Mamni. jj, Rodentia; 22."" (Ellerman & Morrison-Scott, 1966)",book,,22,,,,,,"""Abruzzi e Molise, Italy (no exact locality)."" (Ellerman & Morrison-Scott, 1966) | ""Type locality is not specified, the name however was proposed for dormice from the Abruzzi and Molise Province (now two different provinces, the Abruzzo and the Molise), central Italy."" (Kryštufek, Naderi, Janžekovič, Hutterer, Bombek & Mahmoudi, 2021)",,,,Italy,,,,,,Rodentia,Gliridae,Glis,glis,NA,,,,63197,1001506,Holden (2005) (information at https://hesperomys.com/a/8525),
100021476,Glis glis,tschetschenicus,Satunin,1920,0,available,synonym,Glis glis tschetschenicus,Glis glis tschetschenicus,subspecies,,"Trav. Mus. Georg. Tiflis, 2: 150.","""Trav. Mus. Georg. Tiflis, 2: 150."" (Ellerman & Morrison-Scott, 1966)",Trav. Mus. Georg. Tiflis,,150,,,,,,"""""р. Шара-Аргунь [River Shara-Argun']"", a tributary of the Terek (Ognev 1947: 465), Chechen Republic, Russian Federation."" (Kryštufek, Naderi, Janžekovič, Hutterer, Bombek & Mahmoudi, 2021) | ""Chechen, River Shara-Argun, Caucasus."" (Ellerman & Morrison-Scott, 1966)",,,,Russia,Chechnya,,,,,Rodentia,Gliridae,Glis,glis,NA,,,,63210,1001506,,
100021475,Glis glis,subalpinus,von Burg,1920,0,available,synonym,Glis glis subalpinus,Glis glis subalpinus,subspecies,,"Der Weidmann Bulach, No. 52, 419. (N.V.) [from {Placentalia Palearctic, India (Ellerman & Morrison-Scott 1966).pdf}] von Burg, G. Münstertaler Siebenschläfer. Der Weidmann, Jahrg. 1920, no. 52, p. 419. December 30, 1920.",,Der Weidmann Bulach,,419,,,,,,"""""Münstertal [Val Müstair]"", Canton of Graubünden, Switzerland. @"" (Kryštufek, Naderi, Janžekovič, Hutterer, Bombek & Mahmoudi, 2021) | """"Münstertal"" Val Müstair, Kanton Graubünden, Swizerland."" (Kryštufek, 2010)",,,,Switzerland,Graubünden,,,,,Rodentia,Gliridae,Glis,glis,NA,,,,63209,1001506,Holden (2005) (information at https://hesperomys.com/a/8525),
100021477,Glis glis,postus,I. G. S. Montagu,1923,0,available,synonym,Glis postus,Glis postus,species,"Montagu, I.G.S. 1923-12-27. On some mammals from Jugoslavia. Proceedings of the Zoological Society of London 1923(4):865-870.",NA,,Proceedings of the Zoological Society of London,electronic,866,https://www.biodiversitylibrary.org/part/72013,https://www.biodiversitylibrary.org/page/31195475,,,"Veliki Dergonel, the Gorski Kotar, Croatia.","""""Veliki Dergonel [Veliki Drgomalj; Kryštufek 2010: 196], the Gorski Kotar, Croatia."" @"" (Kryštufek, Naderi, Janžekovič, Hutterer, Bombek & Mahmoudi, 2021) | ""Veliki Dergonel, the Gorski Kotar, Croatia, Yugoslavia."" (Ellerman & Morrison-Scott, 1966) | ""Veliki Dergonel, the Gorski Kotar, Yugoslavia"" (Natural History Museum, 2014) | ""Veliki Drgomalj, Gorski Kotar, Croatia"" (Violani & Zava, 1995)",,,,Croatia,,,BMNH:Mamm:1934.11.26.14,holotype,https://data.nhm.ac.uk/object/a85c7d44-cd5b-40cf-aa2f-f992c076ab8d,Rodentia,Gliridae,Glis,glis,NA,,,,63206,1001506,Holden (2005) (information at https://hesperomys.com/a/8525),
100021478,Glis glis,abrutti,Altobello,1924,0,available,synonym,Glis glis abrutti,Glis glis abrutti,subspecies,,"Rend. Union. Zool. 30, fig. in Monitore Zool. Ital. 35.","""Rend. Union. Zool. 30, fig. in Monitore Zool. Ital. 35."" (Ellerman & Morrison-Scott, 1966)",Monitore Zoologico Italiano,,35,,,,,,"""Clampobasso, Abruzzi, Southern Italy."" (Ellerman & Morrison-Scott, 1966) | ""Type locality (""Abruzzi e [and] Molise"") is identical to Glis italicus intermedius Altobello and the two are synonymous."" (Kryštufek, Naderi, Janžekovič, Hutterer, Bombek & Mahmoudi, 2021)",,,,Italy,Abruzzo,,,,,Rodentia,Gliridae,Glis,glis,NA,,,,63188,1001506,,
100021479,Glis glis,minutus,V. E. Martino,1930,0,available,synonym,Glis glis minutus,Glis glis minutus,subspecies,,Proc. Russ. Sci. Inst. Bclgr. 2: 60.,"""Proc. Russ. Sci. Inst. Bclgr. 2: 60."" (Ellerman & Morrison-Scott, 1966)",Proceedings of the Russian Scientific Institute in Belgrade,,60,,,,,,"""""Predejane. 30 klm. S. from Leskovac, Serbia""."" (Kryštufek, Naderi, Janžekovič, Hutterer, Bombek & Mahmoudi, 2021) | ""Predejane, 30 km. south of Leskovac, Serbia, Yugoslavia."" (Ellerman & Morrison-Scott, 1966) | ""[Predejane, distr. Vlasotinci, Serbia]"" (Baranova & Gromov, 2003)",,,,Serbia,,,ZIN S. 33745,holotype,,Rodentia,Gliridae,Glis,glis,NA,,,,63201,1001506,Holden (2005) (information at https://hesperomys.com/a/8525),
100021480,Glis glis,intermedius,V. E. Martino & E. V. Martino,1941,0,preoccupied,synonym,Glis glis intermedius,Glis glis intermedius,subspecies,,Zap. russk. nauch. Inst. Belgr. 17: 9-10 [N.V.].,,Proceedings of the Russian Scientific Institute in Belgrade,,9,,,,,,"""Presaca, Donji Milanovav, N.E. Serbia"" (Corbet, 1978) | ""Presaca, Donji Milanovav, North-Eastern Serbia."" (Ellerman & Morrison-Scott, 1966) | ""Presaća. Donji Milanovac. N.E. Serbia."" (Mirić, 1960) | ""Presača between Donji Milanovac and Dobra, N.-E. Serbia"" (Baranova & Gromov, 2003) | ""Type locality is ""Presaća [Pesača], Donji Milanovac, N. E. Serbia."" @"" (Kryštufek, Naderi, Janžekovič, Hutterer, Bombek & Mahmoudi, 2021)",,,,Serbia,,,ZIN S. 33766,holotype,,Rodentia,Gliridae,Glis,glis,NA,,"Glis italicus intermedius Altobello, 1920 [100021474]",,77755,1001506,,
100021481,Glis glis,vagneri,V. E. Martino & E. V. Martino,1941,0,available,synonym,Glis glis vagneri,Glis glis vagneri,subspecies,,Zap. russk. nauch. Inst. Belgr. 17: 9 [N.V.].,,Proceedings of the Russian Scientific Institute in Belgrade,,9,,,,,,"""Type locality is ""Vrhpolje, Kamnik, Kamniške Alpe, Slovenia."""" (Kryštufek, Naderi, Janžekovič, Hutterer, Bombek & Mahmoudi, 2021) | ""Vrhpolje, Kamnik, Kamniske Aps, Slovenia (fide Miric, D., Z. Saugetierk. i960, 25: 36)."" (Ellerman & Morrison-Scott, 1966) | ""Vrhpolje, Kamnik, Kamniske Aps, Slovenia, Yugoslavia"" (Corbet, 1978) | ""Vrhpolje. Kamnik. Kamniške Alpe. Slovenia."" (Mirić, 1960) | ""[Vrhpolje, Kamnik, Slovenia]"" (Baranova & Gromov, 2003)",,,,Slovenia,,,ZIN S. 33780,holotype,,Rodentia,Gliridae,Glis,glis,NA,,,,63211,1001506,Holden (2005) (information at https://hesperomys.com/a/8525),
100021482,Glis glis,argenteus,K. Zimmermann,1953,0,available,synonym,Glis glis argenteus,Glis glis argenteus,subspecies,"Zimmermann, K. 1953-02-19. Die Rodentia Kretas. Zeitschrift für Säugetierkunde 17:21-51.",NA,,Zeitschrift für Säugetierkunde,electronic,28,https://www.biodiversitylibrary.org/page/45433919,https://www.biodiversitylibrary.org/page/45433912,,,"Kreta, Weiße Berge bei Samaria, ca. 1000 m.","""""Wälder der Weissen Berge, Kreta [White Mts., Samaria, 1000 m elevation, Island of Crete; Ondrias 1966: 28]."" @"" (Kryštufek, Naderi, Janžekovič, Hutterer, Bombek & Mahmoudi, 2021) | ""White Mts, near Samaria, Crete (1000 m)"" (Corbet, 1978)",,,,Greece,Crete,,ZMB (number not known),holotype,,Rodentia,Gliridae,Glis,glis,NA,,,,63189,1001506,Holden (2005) (information at https://hesperomys.com/a/8525),
100033052,Glis glis,wagneri,Đulić & Tortić,1960,0,incorrect_subsequent_spelling,synonym,Glis glis wagneri,Glis glis wagneri,subspecies,,"Dulić, B. and Tortić, M. (1960). Verzeichnis der Säugetiere Jugoslawiens. Säugetierkundliche Mitt. 8: 1–12.",,Säugetierkundliche Mitteilungen,,7,,,,,,,,,,,,,,,,Rodentia,Gliridae,Glis,glis,,"Glis glis vagneri V. E. Martino & E. V. Martino, 1941 [100021481]",,,97008,1001506,,
100021483,Glis glis,martinoi,Mirić,1960,0,nomen_novum,synonym,Glis glis martinoi,Glis glis martinoi,subspecies,"Mirić, D. 1960. Verzeichnis von Säugetieren Jugoslawiens, die nicht in der ""Checklist of Palaearctic and Indian Mammals"" von Elermann & Morrison-Scott (1951) enthalten sind. Zeitschrift für Säugetierkunde 25:35-46.",NA,,Zeitschrift für Säugetierkunde,electronic,36,https://www.biodiversitylibrary.org/page/45344222,https://www.biodiversitylibrary.org/page/45344223,,,,"""Presaca, Donji Milanovav, N.E. Serbia"" (Corbet, 1978) | ""Presaca, Donji Milanovav, North-Eastern Serbia."" (Ellerman & Morrison-Scott, 1966) | ""Presaća. Donji Milanovac. N.E. Serbia."" (Mirić, 1960) | ""Presača between Donji Milanovac and Dobra, N.-E. Serbia"" (Baranova & Gromov, 2003) | ""Type locality is ""Presaća [Pesača], Donji Milanovac, N. E. Serbia."" @"" (Kryštufek, Naderi, Janžekovič, Hutterer, Bombek & Mahmoudi, 2021)",,,,Serbia,,,ZIN S. 33766,holotype,,Rodentia,Gliridae,Glis,glis,NA,"Glis glis intermedius V. E. Martino & E. V. Martino, 1941 [100021480]",,,63199,1001506,Holden (2005) (information at https://hesperomys.com/a/8525),
100033050,Glis glis,abruttii,Vietinghhoff-Riesch,1960,0,incorrect_subsequent_spelling,synonym,Glis glis abruttii,Glis glis abruttii,subspecies,,"Vietinghhoff-Riesch, A.F.V. (1960). Der Siebenschläfers (Glis glis L.). Monographien der Wildsäugetiere 14. VEB Gustav Fischer Verlag, Jena, Germany.",,Jena,,19,,,,,,,,,,,,,,,,Rodentia,Gliridae,Glis,glis,,"Glis glis abrutti Altobello, 1924 [100021478]",,,97006,1001506,Holden (2005) (information at https://hesperomys.com/a/8525),
100033051,Glis glis,esculantus,Vietinghhoff-Riesch,1960,0,incorrect_subsequent_spelling,synonym,Glis esculantus,Glis esculantus,species,,"Vietinghhoff-Riesch, A.F.V. (1960). Der Siebenschläfers (Glis glis L.). Monographien der Wildsäugetiere 14. VEB Gustav Fischer Verlag, Jena, Germany.",,Jena,,16,,,,,,,,,,,,,,,,Rodentia,Gliridae,Glis,glis,,"Glis esculentus Blumenbach, 1779 [100021464]",,,97007,1001506,,
100057551,Glis glis,orientalis,Shidlovskiy,1962,0,name_combination,synonym,Glis glis orientalis,Glis glis orientalis,subspecies,"Shidlovskiy, M.V. 1962. Определитель грузинов Закавказья. Издательство Акаедьмии Наук Грузинской ССР, Tbilisi, 171 pp.",NA,,Tbilisi,electronic,78,,,,,,,,,,,,,,,,Rodentia,Gliridae,Glis,glis,,"Myoxus glis orientalis Nehring, 1903 [100021470]",,,132986,1001506,Shidlovskiy (1962:78) (information at https://hesperomys.com/a/68819),
100021484,Glis glis,pindicus,Ondrias,1966,0,available,synonym,Glis glis pindicus,Glis glis pindicus,subspecies,,"Ondrias, J.C. 1966. The taxonomy and geographical distribution of the rodents of Greece. Säugetierk. Mitt. 14(Suppl.):1-136.",,Säugetierkundliche Mitteilungen,,1-136,,,,,,"""""Moni Stomiou, near Konitsa, Epirus, Greece, at an altitude of 1600 m""."" (Kryštufek, Naderi, Janžekovič, Hutterer, Bombek & Mahmoudi, 2021) | ""Moni Stomiou, near Konitsa, Epirus, Greece (1600 m)"" (Corbet, 1978)",,,,Greece,Epirus,,,,,Rodentia,Gliridae,Glis,glis,NA,,,,63205,1001506,Holden (2005) (information at https://hesperomys.com/a/8525),
100057375,Glis glis,postus,Đulić & Vidinić,1967,0,name_combination,synonym,Glis glis postus,Glis glis postus,subspecies,"Đulić, B. and Vidinić, Z. 1967. Prilog poznavanju sisavaca planina Dinare i Šatora. Krš Jugoslavije 5:139-180.",NA,,Krš Jugoslavije,electronic,151,,,,,,,,,,,,,,,,Rodentia,Gliridae,Glis,glis,,"Glis postus I. G. S. Montagu, 1923 [100021477]",,,132742,1001506,Đulić & Vidinić (1967:151) (information at https://hesperomys.com/a/68691),
100021485,Glis glis,martinoi,Grekova,1969,0,preoccupied,synonym,Glis glis martinoi,Glis glis martinoi,subspecies,,"Grekova, V.Kh. 1969. O geograficheskoy izmenchivosti polchka (Glis glis Linn.) v predelakh Kavkaza // Uch. zap. Azerb. gos. un-ta. Ser. biol. nauk. No. 1. S. 65-71.",,Uch. zap. Azerb. gos. un-ta.,,66,,,,,,"""Type locality is ""Limanchik, Abrau-Dyurso, Krasnodarskiy kray"", Russia"" (Kryštufek, Naderi, Janžekovič, Hutterer, Bombek & Mahmoudi, 2021) | ""[Abray-Dyurso], [Krasnodarskiy kr.]"" (Baranova & Gromov, 2003)",,,,Russia,Krasnodar Krai,,untraced (number not known),holotype,,Rodentia,Gliridae,Glis,glis,NA,,"Glis glis martinoi Mirić, 1960 [100021483]",,77756,1001506,,
100021486,Glis glis,germanicus,Violani & Zava,1995,1,available,synonym,Myoxus glis germanicus,Myoxus glis germanicus,subspecies,"Violani, C. and Zava, B. 1995. Carolus Linnaeus and the edible dormouse. Hystrix, the Italian Journal of Mammalogy 6(1-2):109-115.",NA,,"Hystrix, the Italian Journal of Mammalogy",electronic,112,,,,,"Marxheim, Bavaria, Germany","""""Marxheim, Bavaria, Germany""."" (Kryštufek, Naderi, Janžekovič, Hutterer, Bombek & Mahmoudi, 2021) | ""Marxheim, Bavaria, Germany"" (Natural History Museum, 2014)",,,,Germany,Bavaria,,BMNH:Mamm:1911.1.1.103,holotype,https://data.nhm.ac.uk/object/bb71b981-755f-453a-901a-b572b0974102,Rodentia,Gliridae,Glis,glis,NA,,,,63194,1001506,Holden (2005) (information at https://hesperomys.com/a/8525),
100021487,Glis glis,grekovae,G. I. Baranova in G. I. Baranova & Gromov,2003,1,nomen_novum,synonym,Myoxus glis grekovae,Myoxus glis grekovae,subspecies,"Baranova, G.I. and Gromov, I.M. 2003. Каталог типовых экземпляров коллекции Зоологического института РАН. Млекопитающие (Mammalia). Выпуск 4. Грызуны (Rodentia). ЗИН РАН, Saint Petersburg, 100 pp.",NA,,Saint Petersburg,electronic,27,,,,,,"""Type locality is ""Limanchik, Abrau-Dyurso, Krasnodarskiy kray"", Russia"" (Kryštufek, Naderi, Janžekovič, Hutterer, Bombek & Mahmoudi, 2021) | ""[Abray-Dyurso], [Krasnodarskiy kr.]"" (Baranova & Gromov, 2003)",,,,Russia,Krasnodar Krai,,untraced (number not known),holotype,,Rodentia,Gliridae,Glis,glis,NA,"Glis glis martinoi Grekova, 1969 [100021485]",,,77757,1001506,,
100049994,Glis glis,tschetshenicus,Holden,2005,0,incorrect_subsequent_spelling | not_used_as_valid,synonym,tschetshenicus,Glis tschetshenicus,synonym_species,"Holden, M.E. 2005. Family Gliridae. Pp. 819–841 in Wilson, D.E. and Reeder, D.M. (eds.). Mammal Species of the World: A Taxonomic and Geographic Reference. Johns Hopkins University Press, Baltimore, 2142 pp.",NA,,Baltimore,electronic,840,http://www.bucknell.edu/msw3,,,,,,,,,,,,,,,Rodentia,Gliridae,Glis,glis,,"Glis glis tschetschenicus Satunin, 1920 [100021476]",,,122382,1001506,Holden (2005:840) (information at https://hesperomys.com/a/8525),
100021488,Glis persicus,persicus,Erxleben,1777,1,available,species,Sciurus persicus,Sciurus persicus,species,"Erxleben, J.C.P. 1777. Systema regni animalis per classes, ordines, genera, species, varietates cum synonymia et historia animalium. Classis I. Mammalia. Impensis Weygandianis, Leipzig, 636 pp.",NA,,Leipzig,electronic,417,https://www.biodiversitylibrary.org/item/53898,https://www.biodiversitylibrary.org/page/15873214,,"in Persiae provincia Gilan [in the Iranian Province of Gilan]. Restricted by D. M. Lay in 1967 to ""Rasht"" ""Iran: Ghilan [Gilan] Province.",Habitat in Persiae prouincia Gilan,"""Province of Gilan, Persia. Topotypical specimens in B.M. Large race, larger in skull size than the typical race, inore like the next."" (Ellerman & Morrison-Scott, 1966) | ""Type locality is ""... in Persiae provincia Gilan [in the Iranian Province of Gilan]"", subsequently restricted to ""Rasht"" ""Iran: Ghilan [Gilan] Province"" (Lay 1967: 193)."" (Kryštufek, Naderi, Janžekovič, Hutterer, Bombek & Mahmoudi, 2021)",,,,Iran,,,,,,Rodentia,Gliridae,Glis,persicus,NA,,,,63203,1006543,"Erxleben (1777:417, https://www.biodiversitylibrary.org/page/15873214) (information at https://hesperomys.com/a/36060) | Zimmermann (1783:165) (information at https://hesperomys.com/a/69242) | Boddaert (1785:117, https://www.biodiversitylibrary.org/page/28230081) (information at https://hesperomys.com/a/35384) | Gmelin (1788:148, https://www.biodiversitylibrary.org/page/25751368) (information at https://hesperomys.com/a/35943) | Kerr (1792:259, https://www.biodiversitylibrary.org/page/38664283) (information at https://hesperomys.com/a/36283) | Shaw (1801:142, https://www.biodiversitylibrary.org/page/19603335) (information at https://hesperomys.com/a/37618) | Turton (1802:92, https://www.biodiversitylibrary.org/page/25772948) (information at https://hesperomys.com/a/69249) | Schinz (1821:303, https://www.biodiversitylibrary.org/page/51529064) (information at https://hesperomys.com/a/37604) | Pocock (1923:237, https://www.biodiversitylibrary.org/page/31551125) (information at https://hesperomys.com/a/41936) | Dal' (1945:57) (information at https://hesperomys.com/a/68601) | Holden (2005) (information at https://hesperomys.com/a/8525)",
100021490,Glis persicus,caspicus,Satunin,1905,1,unjustified_emendation,synonym,Myoxus glis caspicus,Myoxus glis caspicus,subspecies,"Satunin, K.A. 1905-12. Млекопитающія Кавказа и Закаспійской Области. Mitteilungen des Kaukasischen Museums 2(1):45-86.",NA,,Mitteilungen des Kaukasischen Museums,electronic,"54, 76",https://www.biodiversitylibrary.org/page/58456237,https://www.biodiversitylibrary.org/page/58456246 | https://www.biodiversitylibrary.org/page/58456268,,,,,,,,,,,,,,Rodentia,Gliridae,Glis,persicus,NA,"Myoxus glis caspius Satunin, 1905 [100021489]",,,63191,1006543,"Satunin (1905:54, 76, https://www.biodiversitylibrary.org/page/58456246, https://www.biodiversitylibrary.org/page/58456268) (information at https://hesperomys.com/a/69038) | Satunin (1905:54, https://www.biodiversitylibrary.org/page/58456246, https://www.biodiversitylibrary.org/page/58456268) (information at https://hesperomys.com/a/69038) | Satunin (1906:178, 334, https://www.biodiversitylibrary.org/page/58456384, https://www.biodiversitylibrary.org/page/58456540) (information at https://hesperomys.com/a/69040) | Holden (2005) (information at https://hesperomys.com/a/8525)",
100021489,Glis persicus,caspius,Satunin,1905,1,available,synonym,Myoxus glis caspius,Myoxus glis caspius,subspecies,"Satunin, K.A. 1905. Обзоръ млекопитающихъ закаспійской области. Записки Кавказского отдела Русского географического общества 25(3):1-56.",NA,"""Verz. Saug. Transkaspicns (Russ.), 25, 3: 55. Emended to caspicus Satunin, 1905, Mitt. Kaukas. Mus. 2: 76."" (Ellerman & Morrison-Scott, 1966)",Записки Кавказского отдела Русского географического общества,electronic,55,https://books.google.com/books?id=WL46AQAAIAAJ&pg=RA2-PP1,https://books.google.com/books?id=WL46AQAAIAAJ&pg=RA2-PA55,,,Описанный экземпляръ добытъ въ Чулійскомъ ущельѣ въ 40 верстахъ отъ Асхабада.,"""Chuliysk Gorge, 40 versts from Askhabad, Transcaspia. Range: to Transcaucasia."" (Ellerman & Morrison-Scott, 1966) | ""Two topotypes were collected ""въ Чулiйскомъѣ ущель въ 40 верстахъ отъ Асхабада [in the Chuli George, 40 versts (= 42.6 km) from Ashgabat]"" (p. 56), Turkmenistan. @"" (Kryštufek, Naderi, Janžekovič, Hutterer, Bombek & Mahmoudi, 2021) | ""in der Tschuli-Schlucht des Kopet-dagh"" (Satunin, 1905)",,,,Turkmenistan,,,,holotype,,Rodentia,Gliridae,Glis,persicus,NA,,,,63192,1006543,"Satunin (1905:55, https://books.google.com/books?id=WL46AQAAIAAJ&pg=RA2-PA55) (information at https://hesperomys.com/a/69041) | Holden (2005) (information at https://hesperomys.com/a/8525)",
100021491,Glis persicus,petruccii,G. G. Goodwin,1939,0,available,synonym,Glis glis petruccii,Glis glis petruccii,subspecies,"Goodwin, G.G. 1939-12-01. Five new rodents from the eastern Elburz Mountains and a new race of hare from Teheran. American Museum Novitates 1050:1-5.",NA,,American Museum Novitates,electronic,1,https://www.biodiversitylibrary.org/item/170770,,,,"Gouladah foothills of the Kurkhud Mountains, District Bujnurd, northeastern Iran","""""Gouladah foothills of the Kurkhud Mountains, District Bujnurd, northeastern Iran; alt. about 3000 feet [915 m]"". @"" (Kryštufek, Naderi, Janžekovič, Hutterer, Bombek & Mahmoudi, 2021) | ""Eurasia;Iran;Bujnurd;Gouladah;;;; ... 3000 ft"" (Anonymous, 2018) | ""Gouladah foothills of the Kurkhud Mountains, district Bujnurd, about 3,000 ft., North-Eastern Persia."" (Ellerman & Morrison-Scott, 1966) | ""Iran: (Khorasan); Bujnurd (= Bojniird) area, (foothills of Kurkhud Mountains), Gouladah, 3000 (915 m). November 4, 1938."" (Lawrence, 1993)",,,,Iran,,,AMNH M-88759,holotype,http://portal.vertnet.org/o/amnh/mammals?id=urn-catalog-amnh-mammals-m-88759,Rodentia,Gliridae,Glis,persicus,NA,,,,63204,1006543,Holden (2005) (information at https://hesperomys.com/a/8525),
100057552,Glis persicus,persicus,Shidlovskiy,1962,0,name_combination,synonym,Glis glis persicus,Glis glis persicus,subspecies,"Shidlovskiy, M.V. 1962. Определитель грузинов Закавказья. Издательство Акаедьмии Наук Грузинской ССР, Tbilisi, 171 pp.",NA,,Tbilisi,electronic,78,,,,,,,,,,,,,,,,Rodentia,Gliridae,Glis,persicus,,"Sciurus persicus Erxleben, 1777 [100021488]",,,132987,1006543,Shidlovskiy (1962:78) (information at https://hesperomys.com/a/68819),
100047011,Glis persicus,persicus,Mammal Diversity Database,2024,0,name_combination | unpublished_electronic,synonym,Glis persicus,Glis persicus,species,Mammal Diversity Database. 2024-07-13. Mammal Diversity Database. Version 1.13. ,NA,,,electronic,,https://doi.org/10.5281/zenodo.12738010,https://www.mammaldiversity.org/taxon/1006543,,,,,,,,,,,,,,Rodentia,Gliridae,Glis,persicus,,"Sciurus persicus Erxleben, 1777 [100021488]",,,119089,1006543,"Mammal Diversity Database (2024, https://www.mammaldiversity.org/taxon/1006543) (information at https://hesperomys.com/a/67250)",
100021492,Graphiurus angolensis,angolensis,de Winton,1897,0,available,species,Graphiurus angolensis,Graphiurus angolensis,species,"de Winton, W.E. 1897-08-31. On a collection of rodents from Angola. Annals and Magazine of Natural History (6)20(117):320-324.",NA,,Annals and Magazine of Natural History,electronic,320,https://www.biodiversitylibrary.org/page/27415300,https://www.biodiversitylibrary.org/page/27415300,,"Caconda, Huila Plateau, south-western Angola.","Caconda, Angola","""Angola, Caconda"" (Holden, 2005) | ""Caconda, Angola."" (Allen, 1939) | ""Caconda, inland from Benguela, southwestern Angola."" (Meester, Rautenbach, Dippenaar & Baker, 1986) | ""Caconda. Angola."" (Natural History Museum, 2014)",,,,Angola,,,BMNH:Mamm:1892.1.9.9,holotype,https://data.nhm.ac.uk/object/78259a43-f789-411b-a6e5-b79345007241,Rodentia,Gliridae,Graphiurus,angolensis,NA,,,,63290,1001507,"Holden (2005) (information at https://hesperomys.com/a/8525) | Happold (2013:110) (information at https://hesperomys.com/a/27625) | Wilson, Lacher & Mittermeier (2016:841) (information at https://hesperomys.com/a/59599) | Mammal Diversity Database (2018:ID #44915) (information at https://hesperomys.com/a/67336) | Mammal Diversity Database (2019:ID #44915) (information at https://hesperomys.com/a/67337) | Mammal Diversity Database (2024, https://www.mammaldiversity.org/taxon/1001507) (information at https://hesperomys.com/a/67250) | International Union for the Conservation of Nature (2024, https://www.iucnredlist.org/species/44915/22221854) (information at https://hesperomys.com/a/67246)",
100021493,Graphiurus angolensis,parvulus,Monard,1933,0,available,synonym,Graphiurus parvulus,Graphiurus parvulus,species,"Monard, A. 1933. Mission scientifique suisse dans l'Angola : résultats scientifiques : mammifères. Bulletin de la Société neuchâteloise des sciences naturelles 57:45-66.",NA,,Bulletin de la Société neuchâteloise des sciences naturelles,electronic,54,,,,,"du Rio Mbalé, du Tumbolé et de Vila da Ponte","""Chimporo, Angola"" (Baud, 1977) | ""Rio Mbale, Tumbole, and Vila da Ponte, Angola."" (Allen, 1939) | ""Vila da Ponte, southern Angola; restricted by Hill and Carter 194 1: 79."" (Meester, Rautenbach, Dippenaar & Baker, 1986)",,,,Angola,,,MHNG 906.24,syntypes,,Rodentia,Gliridae,Graphiurus,angolensis,NA,,,,63292,1001507,Holden (2005) (information at https://hesperomys.com/a/8525),
100021494,Graphiurus angolensis,dasilvai,A. Roberts,1938,1,available,synonym,Claviglis woosnami dasilvai,Claviglis woosnami dasilvai,subspecies,"Roberts, A. 1938. Descriptions of new forms of mammals. Annals of the Transvaal Museum 19(2):231-245.",NA,,Annals of the Transvaal Museum,electronic,238,https://hdl.handle.net/10520/AJA00411752_502,,,,Ondjiwa (Villa Pereira de Ca) Southern Angola,"""Ondjiwa (Vila Pereira de Eca), southern Angola."" (Meester, Rautenbach, Dippenaar & Baker, 1986)",,,,Angola,,,TM 8010,holotype,,Rodentia,Gliridae,Graphiurus,angolensis,NA,,,,63291,1001507,Holden (2005) (information at https://hesperomys.com/a/8525),
100050665,Graphiurus angolensis,angolensis,J. Eric Hill & T. D. Carter,1941,1,name_combination,synonym,Claviglis angolensis,Claviglis angolensis,species,"Hill, J.E. and Carter, T.D. 1941. The mammals of Angola, Africa. Bulletin of the American Museum of Natural History 78(1):1-211.",NA,,Bulletin of the American Museum of Natural History,electronic,78,https://www.biodiversitylibrary.org/item/166739,,,,,,,,,,,,,,,Rodentia,Gliridae,Graphiurus,angolensis,,"Graphiurus angolensis de Winton, 1897 [100021492]",,,123174,1001507,Hill & Carter (1941:78) (information at https://hesperomys.com/a/16955),
100050666,Graphiurus angolensis,parvulus,J. Eric Hill & T. D. Carter,1941,1,name_combination,synonym,Claviglis parvulus,Claviglis parvulus,species,"Hill, J.E. and Carter, T.D. 1941. The mammals of Angola, Africa. Bulletin of the American Museum of Natural History 78(1):1-211.",NA,,Bulletin of the American Museum of Natural History,electronic,79,https://www.biodiversitylibrary.org/item/166739,,,,,,,,,,,,,,,Rodentia,Gliridae,Graphiurus,angolensis,,"Graphiurus parvulus Monard, 1933 [100021493]",,,123175,1001507,Hill & Carter (1941:79) (information at https://hesperomys.com/a/16955),
100056949,Graphiurus angolensis,angolensis,Hayman,1963,0,name_combination,synonym,Graphiurus (Claviglis) platyops angolensis,Graphiurus platyops angolensis,subspecies,"Hayman, R.W. 1963-10-21. Mammals from Angola, mainly from the Lunda District. Publicações culturais, Companhia de Diamantes de Angola 66:85-139.",NA,,"Publicações culturais, Companhia de Diamantes de Angola",electronic,122,,,,,,,,,,,,,,,,Rodentia,Gliridae,Graphiurus,angolensis,,"Graphiurus angolensis de Winton, 1897 [100021492]",,,132293,1001507,Hayman (1963:122) (information at https://hesperomys.com/a/68592),
100021495,Graphiurus christyi,christyi,Dollman,1914,0,available,species,Graphiurus christyi,Graphiurus christyi,species,"Dollman, G. 1914. Notes on mammals collected by Dr. Christy in the Congo and by Dr. Bayer in Uganda and British East Africa. Revue zoologique africaine 4:75-90.",NA,,Revue zoologique africaine,electronic,80,https://www.biodiversitylibrary.org/part/13888,https://www.biodiversitylibrary.org/page/11472360,,"Mambaka, DR Congo.",Mambaka,"""A Mambaka specimen was specified as type by the author. The precise location of Mambaka has not been established, but from the evidence provided by the date of the specimen plus Christy's account. (Geograph. Journ. vol. 46, 1915, p. 200) of his movements at that time, it would appear to be on the Lindi River between Bafwasende and Makala, roughly to the south of the Ituri River at Avakubi. Boulenger's report on the fish collected at this time by Christy lists Mambaka (spelt Mombaka) as a Lindi River locality. Additional evidence supporting this definition of the locality is provided by the collector's serial numbcrs of other mammals taken at this period at named localities which have been traced in this area. Hatt (1940) places it in the same area ""South of Avakubi, B.C. (1* 15' N., 27* 45' E.)."""" (Moreau, Hopkins & Hayman, 1946) | ""Dem. Rep. Congo, Mambaka"" (Holden, 2005) | ""Mambaka and Mambo, Congo Belge."" (Allen, 1939) | ""Mambaka, Congo"" (Hatt, 1940) | ""Mambaka, RDCongo"" (Wendelen, 2016) | ""Mambaka, on Lindi R. between Bafwasende and Makala, c.S.of Itui R. at Avakubi. Congo Belge. 0 51'N 27 33'E"" (Natural History Museum, 2014)",,,,Democratic Republic of the Congo,,,BMNH:Mamm:1914.2.11.8,holotype,https://data.nhm.ac.uk/object/27f52f6a-5748-48f5-a45f-1916efb64879,Rodentia,Gliridae,Graphiurus,christyi,NA,,,,63293,1001508,"Dollman (1914:80, https://www.biodiversitylibrary.org/page/11472360) (information at https://hesperomys.com/a/16563) | Corbet & Hill (1991:197) (information at https://hesperomys.com/a/63070) | Holden (1993:763) (information at https://hesperomys.com/a/69027) | Holden (2005) (information at https://hesperomys.com/a/8525) | Happold (2013:112) (information at https://hesperomys.com/a/27625) | Wilson, Lacher & Mittermeier (2016:842) (information at https://hesperomys.com/a/59599) | Mammal Diversity Database (2018:ID #9480) (information at https://hesperomys.com/a/67336) | Mammal Diversity Database (2019:ID #9480) (information at https://hesperomys.com/a/67337) | Mammal Diversity Database (2024, https://www.mammaldiversity.org/taxon/1001508) (information at https://hesperomys.com/a/67250) | International Union for the Conservation of Nature (2024, https://www.iucnredlist.org/species/9480/115093081) (information at https://hesperomys.com/a/67246)",
100021496,Graphiurus crassicaudatus,crassicaudatus,Jentink,1888,1,available,species,Claviglis crassicaudatus,Claviglis crassicaudatus,species,"Jentink, F.A. 1888. Zoological researches in Liberia. A list of mammals, collected by J. Büttikofer, C. F. Sala and F. X. Stampfli, with biological observations. Notes from the Leyden Museum 10:1-58.",NA,,Notes from the Leyden Museum,electronic,41,https://www.biodiversitylibrary.org/part/92412,https://www.biodiversitylibrary.org/page/9622329,,"Hill Town, Du Queah River, Liberia.",Du Queah River (Büttikofer and Stampfli).,"""Du Queah River, western Liberia."" (Allen, 1939) | ""Liberia ... Hill-town"" (Naturalis, 2018) | ""Liberia, Du (Du Queah) River, Hill Town"" (Holden, 2005) | ""Liberia, Du Queah River."" (Honacki, Kinman & Koeppl, 1982)",,,,Liberia,,,RMNH.MAM.26639,holotype,https://data.biodiversitydata.nl/naturalis/specimen/RMNH.MAM.26639.a | https://data.biodiversitydata.nl/naturalis/specimen/RMNH.MAM.26639.b,Rodentia,Gliridae,Graphiurus,crassicaudatus,NA,,,,63294,1001509,"Allen & Coolidge (1930:595, https://www.biodiversitylibrary.org/page/61248227) (information at https://hesperomys.com/a/68614)",
100021497,Graphiurus crassicaudatus,dorotheae,Dollman,1912,0,available,synonym,Graphiurus crassicaudatus dorotheae,Graphiurus crassicaudatus dorotheae,subspecies,"Dollman, G. 1912-03-01. Seven new African dormice. Annals and Magazine of Natural History (8)9(51):312-320.",NA,,Annals and Magazine of Natural History,electronic,312,https://www.biodiversitylibrary.org/page/18639069,https://www.biodiversitylibrary.org/page/18639069,,,"Oban District, Southern Nigeria","""Oban District, 400 ft. South Nigeria."" (Natural History Museum, 2014) | ""Oban district, southern Nigeria."" (Allen, 1939)",,,,Nigeria,,,BMNH:Mamm:1912.1.12.1,holotype,https://data.nhm.ac.uk/object/9fb4330b-6c1b-405c-9cd7-f696128b5ce7,Rodentia,Gliridae,Graphiurus,crassicaudatus,NA,,,,63295,1001509,Holden (2005) (information at https://hesperomys.com/a/8525),
100035777,Graphiurus crassicaudatus,crassicaudatus,Heim de Balsac & Bellier,1967,0,name_combination,synonym,Graphiurus crassicaudatus,Graphiurus crassicaudatus,species,"Heim de Balsac, H. and Bellier, L. 1967. Liste préliminaire des rongeurs de Lamto (Côte-d'Ivoire). Mammalia 31(1):156-159.",NA,,Mammalia,electronic,156,https://doi.org/10.1515/mamm.1967.31.1.156,,,,,,,,,,,,,,,Rodentia,Gliridae,Graphiurus,crassicaudatus,,"Claviglis crassicaudatus Jentink, 1888 [100021496]",,,107531,1001509,"Heim de Balsac & Bellier (1967:156) (information at https://hesperomys.com/a/58093) | Corbet & Hill (1980:186) (information at https://hesperomys.com/a/63069) | Honacki, Kinman & Koeppl (1982:561) (information at https://hesperomys.com/a/63071) | Corbet & Hill (1991:197) (information at https://hesperomys.com/a/63070) | Holden (1993:763) (information at https://hesperomys.com/a/69027) | Holden (2005) (information at https://hesperomys.com/a/8525) | Happold (2013:113) (information at https://hesperomys.com/a/27625) | Wilson, Lacher & Mittermeier (2016:840) (information at https://hesperomys.com/a/59599) | Mammal Diversity Database (2018:ID #9481) (information at https://hesperomys.com/a/67336) | Mammal Diversity Database (2019:ID #9481) (information at https://hesperomys.com/a/67337) | Mammal Diversity Database (2024, https://www.mammaldiversity.org/taxon/1001509) (information at https://hesperomys.com/a/67250) | International Union for the Conservation of Nature (2024, https://www.iucnredlist.org/species/9481/115093196) (information at https://hesperomys.com/a/67246)",
100029429,Graphiurus incertae_sedis,coupeii,F. Cuvier in É. Geoffroy Saint-Hilaire & F. Cuvier,1822,1,not_published_with_a_generic_name,nomen_dubium,Coupeii,Myoxus coupeii,species,"Geoffroy Saint-Hilaire, É. and Cuvier, F. 1822-11. Livraison 37. in Geoffroy Saint-Hilaire, É. and Cuvier, F. 1818-1842. Histoire naturelle des mammifères, avec figures originales, coloriées, dessinées d'après des animaux vivants. Blaise, Paris.",NA,,Paris,reference,pl. 251 p. 2,https://www.biodiversitylibrary.org/bibliography/78766,https://www.biodiversitylibrary.org/page/44499500,,,Sénégal,,,,,Senegal,,,,,,Rodentia,Gliridae,Graphiurus,incertae_sedis,,,,,63047,,,
100028346,Graphiurus incertae_sedis,coupeii,F. Cuvier,1823,1,available,nomen_dubium,Myoxus Coupeii,Myoxus coupeii,species,"Cuvier, F. 1823. LOIR. Pp. 119–125 in Levrault, F.G. (eds.). Dictionnaire des sciences naturelles. Tome XXVII. LIO–MAC. F. G. Levrault, Strasbourg, 551 pp.",NA,,Strasbourg,electronic,123,https://www.biodiversitylibrary.org/page/25298088,https://www.biodiversitylibrary.org/page/25298092,,,"Cette jolie petite espèce vient du Sénégal, d'où elle a été rapportée par M. Lecoupé; elle paruit habiter aussi le cap de Bonne-Espérance, et, comme les autres animaux de ce genre, elle est soumise à un sommeil léthargique.","""Sénégal"" (Cuvier, 1842) | ""ad Senegal"" (Fischer, 1829)",,,,Senegal,,,"MNHN:type:322 (= MNHN ""770"")",holotype,,Rodentia,Gliridae,Graphiurus,incertae_sedis,,,,,97844,,"Lesson (1827:274, https://www.biodiversitylibrary.org/page/54207741) (information at https://hesperomys.com/a/36839) | Cuvier (1833:446, https://www.biodiversitylibrary.org/page/26232919) (information at https://hesperomys.com/a/37101)",
100033309,Graphiurus incertae_sedis,cupeii,H. R. Schinz,1825,1,incorrect_subsequent_spelling,nomen_dubium,Myoxus Cupeii,Myoxus cupeii,species,"Schinz, H.R. 1825. Das Thierreich eingetheilt nach dem Bau der Thiere als Grundlage ihrer Naturgeschichte und der vergleichenden Anatomie. Vierter Band. Zoophyten. J. G. Cotta'sche Buchhandlung, Stuttgart, 793 pp.",NA,,Stuttgart,electronic,393,https://www.biodiversitylibrary.org/item/210180,https://www.biodiversitylibrary.org/page/51523810,,,,,,,,,,,,,,Rodentia,Gliridae,Graphiurus,incertae_sedis,,"Myoxus coupeii F. Cuvier, 1823 [100028346]",,,104341,,"Schinz (1825:393, https://www.biodiversitylibrary.org/page/51523810) (information at https://hesperomys.com/a/66129)",
100029437,Graphiurus incertae_sedis,coupeii,I. Geoffroy Saint-Hilaire,1826,1,subsequent_usage,nomen_dubium,Myoxus Coupeii,Myoxus coupeii,species,"Geoffroy Saint-Hilaire, I. 1826. Loir. _Myoxus_. Mam. Pp. 482–485 in Bory de Saint-Vincent, J.-B. (eds.). Dictionnaire classique d'Histoire naturelle. Tome neuvième. IO-MACIS. Rey et Gravier, Paris, 596 pp.",NA,,Dictionnaire Classique d'Histoire Naturelle,electronic,484,https://www.biodiversitylibrary.org/page/25374288,https://www.biodiversitylibrary.org/page/25374290,,,Sénégal,,,,,Senegal,,,,,,Rodentia,Gliridae,Graphiurus,incertae_sedis,,"Myoxus coupeii F. Cuvier, 1823 [100028346]",,,97841,,,
100028766,Graphiurus incertae_sedis,coupeii,J. B. Fischer,1829,1,name_combination,nomen_dubium,Myoxus murinus Coupeii,Myoxus murinus coupeii,subspecies,"Fischer, J.B. 1829. [Main body of work]. Pp. 1–527 in Fischer, J.B. 1829-1830. Synopsis Mammalium. J.G. Cotta, Stuttgart, 752 pp.",NA,,Stuttgart,electronic,310,https://books.google.com/books?id=X31EAQAAMAAJ,,,,ad Senegal,,,,,Senegal,,,,,,Rodentia,Gliridae,Graphiurus,incertae_sedis,,"Myoxus coupeii F. Cuvier, 1823 [100028346]",,,97843,,Fischer (1829:310) (information at https://hesperomys.com/a/59856),
100028341,Graphiurus incertae_sedis,coupei,C. F. Cuvier,1842,1,incorrect_subsequent_spelling,nomen_dubium,Myoxus coupeï,Myoxus coupei,species,"Cuvier, C.F. 1842-08. Table générale et méthodique. Pp. 1–6 in Geoffroy Saint-Hilaire, É. and Cuvier, F. 1818-1842. Histoire naturelle des mammifères, avec figures originales, coloriées, dessinées d'après des animaux vivants. Blaise, Paris.",NA,,Paris,reference,4,https://www.biodiversitylibrary.org/page/44518524,https://www.biodiversitylibrary.org/page/44518527,,,Sénégal,,,,,Senegal,,,,,,Rodentia,Gliridae,Graphiurus,incertae_sedis,,"Myoxus coupeii F. Cuvier, 1823 [100028346]",,,97842,,"Cuvier (1842:4, https://www.biodiversitylibrary.org/page/44518527) (information at https://hesperomys.com/a/60227) | Lesson (1842:134) (information at https://hesperomys.com/a/36812)",
100052699,Graphiurus incertae_sedis,coupeii,A. T. de Rochebrune,1883,0,name_combination,nomen_dubium,Graphiurus coupeii,Graphiurus coupeii,species,"Rochebrune, A.T. de. 1883. Faune de la Sénégambie. Mammifères. Actes de la Société Linnéenne de Bordeaux (4)7:49-203.",NA,,Actes de la Société Linnéenne de Bordeaux,electronic,109,https://www.biodiversitylibrary.org/page/26187502,https://www.biodiversitylibrary.org/page/26187562,,,,,,,,,,,,,,Rodentia,Gliridae,Graphiurus,incertae_sedis,,"Myoxus coupeii F. Cuvier, 1823 [100028346]",,,125421,,"Rochebrune (1883:109, https://www.biodiversitylibrary.org/page/26187562) (information at https://hesperomys.com/a/43667)",
100021549,Graphiurus incertae_sedis,hueti,A. T. de Rochebrune,1883,0,available,nomen_dubium,Graphiurus hueti,Graphiurus hueti,species,"Rochebrune, A.T. de. 1883. Diagnoses de quelques Mammifères nouveaux ou peu connus propres à la Sénégambie. Bulletin de la Société philomathique de Paris (7)7:5-11.",NA,,Bulletin de la Société philomathique de Paris,electronic,8,https://www.biodiversitylibrary.org/page/31636581,https://www.biodiversitylibrary.org/page/31636578,,,"Saint-Louis, Sorres, Gambie.","""Environs de Saint-Louis, Sorres; s'observe plus rarement en Gambie; paraît exister également dans le haut du fleuve."" (Rochebrune, 1883) | ""Environs of St. Louis, Sorres, Senegal."" (Allen, 1939) | ""Senegal, Saint-Louis."" (Honacki, Kinman & Koeppl, 1982) | ""St. Louis, Sorres, northern Senegal"" (Grubb, 2004)",,,,Senegal,,,,,,Rodentia,Gliridae,Graphiurus,incertae_sedis,NA,,,,63349,,"Rochebrune (1883:110, https://www.biodiversitylibrary.org/page/26187563) (information at https://hesperomys.com/a/43667) | Eisentraut (1963:129) (information at https://hesperomys.com/a/68788) | Heim de Balsac & Bellier (1967:156) (information at https://hesperomys.com/a/58093) | Corbet & Hill (1980:186) (information at https://hesperomys.com/a/63069) | Honacki, Kinman & Koeppl (1982:561) (information at https://hesperomys.com/a/63071) | Corbet & Hill (1991:197) (information at https://hesperomys.com/a/63070) | Holden (1993:764) (information at https://hesperomys.com/a/69027) | Holden (2005) (information at https://hesperomys.com/a/8525)",
100021498,Graphiurus johnstoni,johnstoni,O. Thomas,1898,0,available,species,Graphiurus johnstoni,Graphiurus johnstoni,species,"Thomas, O. 1898-04. On the mammals obtained by Mr. A. Whyte in Nyasaland, and presented to the British Museum by Sir H. H. Johnston, K.C.B.; being a fifth contribution to the mammal-fauna of Nyasaland. Proceedings of the Zoological Society of London 1897(4):925-939.",NA,,Proceedings of the Zoological Society of London,electronic,934,https://www.biodiversitylibrary.org/part/72713,https://www.biodiversitylibrary.org/page/30988175,,"Zomba, southern Malawi.",Zomba,"""Malawi: Zomba"" (Holden, 2005) | ""Zomba, southern Malawi. Included inparvus by Ansell (in litt.)."" (Meester, Rautenbach, Dippenaar & Baker, 1986) | ""Zomba. Nyasa[land]. [brackets original]"" (Natural History Museum, 2014)",,,,Malawi,,,BMNH:Mamm:1897.10.1.86,holotype,https://data.nhm.ac.uk/object/ec594127-a941-4d5c-a4e9-d0977922dda5,Rodentia,Gliridae,Graphiurus,johnstoni,NA,,,,63296,1001510,"Thomas (1898:934, https://www.biodiversitylibrary.org/page/30988175) (information at https://hesperomys.com/a/35378) | Dollman (1910:178, https://www.biodiversitylibrary.org/page/16094599) (information at https://hesperomys.com/a/10071) | Holden (2005) (information at https://hesperomys.com/a/8525) | Happold (2013:114) (information at https://hesperomys.com/a/27625) | Wilson, Lacher & Mittermeier (2016:842) (information at https://hesperomys.com/a/59599) | Mammal Diversity Database (2018:ID #44928) (information at https://hesperomys.com/a/67336) | Mammal Diversity Database (2019:ID #44928) (information at https://hesperomys.com/a/67337) | Mammal Diversity Database (2024, https://www.mammaldiversity.org/taxon/1001510) (information at https://hesperomys.com/a/67250) | International Union for the Conservation of Nature (2024, https://www.iucnredlist.org/species/44928/115201599) (information at https://hesperomys.com/a/67246)",
100021499,Graphiurus kelleni,kelleni,Reuvens,1890,1,available,species,Eliomys kelleni,Eliomys kelleni,species,"Reuvens, C.L. 1890. Die Myoxidae oder Schlaefer. Ein Beitrag zur Osteologie und Systematik der Nagethiere. P.W.M. Trap, Leiden, 80 pp.",NA,,Leiden,electronic,74,https://www.biodiversitylibrary.org/item/51332,https://www.biodiversitylibrary.org/page/14819041,,"Damara-land, Mossamedes District, south-western Angola. Modified by C. L. Reuvens to ""Damara-land"" in ""Süd West Afrika"" (= Namibia). Corrected by J. E. Hill and T. D. Carter in 1941 to ""Damara-land"" in south-western Angola.",Süd West Afrika (Damara-Land),"""Angola"" (Naturalis, 2018) | ""Angola: Mossamedes district, ""Damara-land"" (see Hill and Carter, 1941)"" (Holden, 2005) | ""Damaraland, Southwest Africa."" (Allen, 1939)",,,,Angola,,,RMNH.MAM.26638,holotype,https://data.biodiversitydata.nl/naturalis/specimen/RMNH.MAM.26638.a | https://data.biodiversitydata.nl/naturalis/specimen/RMNH.MAM.26638.b,Rodentia,Gliridae,Graphiurus,kelleni,NA,,,,63297,1001511,,
100021500,Graphiurus kelleni,parvus,F. W. True,1893,1,available,synonym,Eliomys parvus,Eliomys parvus,species,"True, F.W. 1893-10-25. Notes on a small collection of mammals from the Tana River, East Africa, with descriptions of new species. Proceedings of the United States National Museum 16:601-603.",NA,,Proceedings of the United States National Museum,electronic,601,https://www.biodiversitylibrary.org/part/53062,https://www.biodiversitylibrary.org/page/15780969,,,It was not accompanied by a label indicating the exact point on the Tana River where it was obtained.,"""Africa, Kenya, Coast Province ... Tana River, between the coast and Hameye"" (Anonymous, 2018) | ""Along the Tana River, between the coast and Hameye, [Coast Province], East Africa (Kenya)"" (Fisher & Ludwig, 2012) | ""Kenya, Tana River."" (Honacki, Kinman & Koeppl, 1982) | ""Tana River, between coast and Hameye, Kenya Colony."" (Allen, 1939) | ""Tana River, between the coast and Hameye, Kenya."" (Meester, Rautenbach, Dippenaar & Baker, 1986)",,,,Kenya,,,USNM:MAMM:21005 (= USNM:MAMM:A36056),holotype,http://n2t.net/ark:/65665/3801dc6f1-5499-48b9-970a-35ee97216c44,Rodentia,Gliridae,Graphiurus,kelleni,NA,,,,63306,1001511,Holden (2005) (information at https://hesperomys.com/a/8525),
100021501,Graphiurus kelleni,nanus,de Winton,1897,1,available,synonym,Myoxus (Eliomys) nanus,Myoxus nanus,species,"de Winton, W.E. 1897-04. On collections of rodents made by Mr. J. ffolliott Darling in Mashunaland and Mr. F. C. Selous in Matabeleland, with short field-notes by the collectors. Proceedings of the Zoological Society of London 1896(4):798-808.",NA,,Proceedings of the Zoological Society of London,electronic,799,https://www.biodiversitylibrary.org/part/72754,https://www.biodiversitylibrary.org/page/31200846,,,"Mazoe, Mashunaland","""Mazoe, Mashonaland, Southern Rhodesia."" (Allen, 1939) | ""Mazoe, Mashonaland, eastern Zimbabwe."" (Meester, Rautenbach, Dippenaar & Baker, 1986)",,,,Zimbabwe,,,,holotype,,Rodentia,Gliridae,Graphiurus,kelleni,NA,,,,63304,1001511,Holden (2005) (information at https://hesperomys.com/a/8525),
100048234,Graphiurus kelleni,nanus,O. Thomas,1898,0,name_combination,synonym,Graphiurus nanus,Graphiurus nanus,species,"Thomas, O. 1898-04. On the mammals obtained by Mr. A. Whyte in Nyasaland, and presented to the British Museum by Sir H. H. Johnston, K.C.B.; being a fifth contribution to the mammal-fauna of Nyasaland. Proceedings of the Zoological Society of London 1897(4):925-939.",NA,,Proceedings of the Zoological Society of London,electronic,934,https://www.biodiversitylibrary.org/part/72713,https://www.biodiversitylibrary.org/page/30988175,,,,,,,,,,,,,,Rodentia,Gliridae,Graphiurus,kelleni,,"Myoxus nanus de Winton, 1897 [100021501]",,,120385,1001511,"Thomas (1898:934, https://www.biodiversitylibrary.org/page/30988175) (information at https://hesperomys.com/a/35378) | Wroughton (1907:17, https://www.biodiversitylibrary.org/page/34063323) (information at https://hesperomys.com/a/68769)",
100035778,Graphiurus kelleni,parvus,O. Thomas,1898,0,name_combination,synonym,Graphiurus parvus,Graphiurus parvus,species,"Thomas, O. 1898-04. On the mammals obtained by Mr. A. Whyte in Nyasaland, and presented to the British Museum by Sir H. H. Johnston, K.C.B.; being a fifth contribution to the mammal-fauna of Nyasaland. Proceedings of the Zoological Society of London 1897(4):925-939.",NA,,Proceedings of the Zoological Society of London,electronic,934,https://www.biodiversitylibrary.org/part/72713,https://www.biodiversitylibrary.org/page/30988175,,,,,,,,,,,,,,Rodentia,Gliridae,Graphiurus,kelleni,,"Eliomys parvus F. W. True, 1893 [100021500]",,,107532,1001511,"Thomas (1898:934, https://www.biodiversitylibrary.org/page/30988175) (information at https://hesperomys.com/a/35378) | Osgood (1910:15, https://www.biodiversitylibrary.org/page/4462173) (information at https://hesperomys.com/a/10414) | Corbet & Hill (1980:186) (information at https://hesperomys.com/a/63069) | Honacki, Kinman & Koeppl (1982:561) (information at https://hesperomys.com/a/63071) | Corbet & Hill (1991:197) (information at https://hesperomys.com/a/63070) | Holden (1993:765) (information at https://hesperomys.com/a/69027) | Yalden, Largen, Kock & Hillman (1996:128) (information at https://hesperomys.com/a/36072)",
100021502,Graphiurus kelleni,brockmani,Dollman,1910,0,available,synonym,Graphiurus brockmani,Graphiurus brockmani,species,"Dollman, G. 1910-03-01. Two new species of African dormice belonging to the genus _Graphiurus_. Annals and Magazine of Natural History (8)5(27):285-288.",NA,,Annals and Magazine of Natural History,electronic,287,https://www.biodiversitylibrary.org/page/16094710,https://www.biodiversitylibrary.org/page/16094712,,,,"""Burao, Somaliland, 4000 ft."" (Allen, 1939)",,,,Somalia,,,,holotype,,Rodentia,Gliridae,Graphiurus,kelleni,NA,,,,63299,1001511,Holden (2005) (information at https://hesperomys.com/a/8525),
100021503,Graphiurus kelleni,dollmani,Osgood,1910,0,available,synonym,Graphiurus parvus dollmani,Graphiurus parvus dollmani,subspecies,"Osgood, W.H. 1910-04-07. Further new mammals from British East Africa. Field Museum of Natural History, Zoological Series 10(3):15-21.",NA,,"Field Museum of Natural History, Zoological Series",electronic,15,https://www.biodiversitylibrary.org/part/74375,https://www.biodiversitylibrary.org/page/4462173,,,"Lukenya Mountain (Ulu Kenya Hills), British East Africa","""Africa, Kenya, Eastern Prov, Machakos Dist, Ethiopean: Mt Lukenya ... Mt Lukenya"" (Anonymous, 2018) | ""Lukenya (or Ulukenya) Hill, directly north of road from Nairobi to Machakos, Kenya (Moreau et al. 1946: 395, 4 17)."" (Meester, Rautenbach, Dippenaar & Baker, 1986) | ""Lukenya Mt., Ulukenya Hills, Kenya Colony,"" (Allen, 1939) | ""See Crocidura fumosa schistacea (p. 35). [Lukenya is a hill near Machakos, Kenya.]"" (Moreau, Hopkins & Hayman, 1946) | ""Ulukenya Hill, near Machakos, Kenya Colony"" (Sanborn, 1947)",,,,Kenya,,,FMNH:Mamm:16722,holotype,http://portal.vertnet.org/o/fmnh/mammals?id=0a8814d7-b9e8-4ea0-84bf-5f17a9661c2a,Rodentia,Gliridae,Graphiurus,kelleni,NA,,,,63301,1001511,"Osgood (1910:15, https://www.biodiversitylibrary.org/page/4462173) (information at https://hesperomys.com/a/10414) | Holden (2005) (information at https://hesperomys.com/a/8525)",
100021504,Graphiurus kelleni,personatus,E. Heller,1911,0,available,synonym,Graphiurus personatus,Graphiurus personatus,species,"Heller, E. 1911-02-28. New species of rodents and carnivores from equatorial Africa. Smithsonian Miscellaneous Collections 56(17):1-16.",NA,,Smithsonian Miscellaneous Collections,electronic,2,https://www.biodiversitylibrary.org/part/71969,https://www.biodiversitylibrary.org/page/8813458,,,,"""Africa, Uganda, Arua ... Rhino Camp, Lado Enclave"" (Anonymous, 2018) | ""Rhino Camp, Lado Enclave, West Nile district, Uganda."" (Meester, Rautenbach, Dippenaar & Baker, 1986) | ""Rhino Camp, Lado Enclave, [Uganda]"" (Fisher & Ludwig, 2012) | ""Rhino Camp, Lado Enclave."" (Allen, 1939) | ""The Lado Enclave (to which ""Sudan"" is occasionally added) has been divided up, but the principal type-locality in this area, Rhino Camp, is in the West Nile District of Uganda. [general reference; this species not specifically mentioned]"" (Moreau, Hopkins & Hayman, 1946)",,,,Uganda,,,USNM:MAMM:164827,holotype,http://n2t.net/ark:/65665/3e776fdb3-2564-48bf-94e1-da57a942f39c,Rodentia,Gliridae,Graphiurus,kelleni,NA,,,,63307,1001511,Holden (2005) (information at https://hesperomys.com/a/8525),
100021505,Graphiurus kelleni,ansorgei,Dollman,1912,0,available,synonym,Graphiurus ansorgei,Graphiurus ansorgei,species,"Dollman, G. 1912-03-01. Seven new African dormice. Annals and Magazine of Natural History (8)9(51):312-320.",NA,,Annals and Magazine of Natural History,electronic,317,https://www.biodiversitylibrary.org/page/18639069,https://www.biodiversitylibrary.org/page/18639074,,,"Tala Kilau, Dongwenna, Mossamedes, South Angola. Altitude 3000 feet.","""Tala Kilau, 914 m (3000 ft), Donguena, Mossamedes, southwestern Angola."" (Meester, Rautenbach, Dippenaar & Baker, 1986) | ""Tala Kilau, Dongwenna, Mossamedes, southern Angola."" (Allen, 1939)",,,,Angola,,,BMNH:Mamm:1909.10.1.60,holotype,,Rodentia,Gliridae,Graphiurus,kelleni,NA,,,,63298,1001511,Holden (2005) (information at https://hesperomys.com/a/8525),
100021506,Graphiurus kelleni,internus,Dollman,1912,0,available,synonym,Graphiurus brockmani internus,Graphiurus brockmani internus,subspecies,"Dollman, G. 1912-03-01. Seven new African dormice. Annals and Magazine of Natural History (8)9(51):312-320.",NA,,Annals and Magazine of Natural History,electronic,318,https://www.biodiversitylibrary.org/page/18639069,https://www.biodiversitylibrary.org/page/18639075,,,"Nyama Nyango, Eusso Nyiro, British East Africa. Altitude 3200 feet.","""Nyama Nyango, 975 m (3200 ft), northern Guaso Nyiro, Kenya."" (Meester, Rautenbach, Dippenaar & Baker, 1986) | ""Nyama Nyango, Northern Guaso Nyiro, Kenya Colony, 3200 ft."" (Allen, 1939)",,,,Kenya,,,,holotype,,Rodentia,Gliridae,Graphiurus,kelleni,NA,,,,63303,1001511,Holden (2005) (information at https://hesperomys.com/a/8525),
100021507,Graphiurus kelleni,foxi,Dollman,1914,0,available,synonym,Graphiurus foxi,Graphiurus foxi,species,"Dollman, G. 1914-01-01. A new dormouse from Northern Nigeria, presented to the British Museum by J. C. Fox, Esq. Annals and Magazine of Natural History (8)13(73):196.",NA,,Annals and Magazine of Natural History,electronic,196,https://www.biodiversitylibrary.org/page/18640955,https://www.biodiversitylibrary.org/page/18640955,,,"Kabwir, Bauchi Province, Northern Nigeria. Altitude 2500 feet.","""Kabwir, Bauchi Province, 2500 ft. Northern Nigeria."" (Natural History Museum, 2014) | ""Kabwir, Bauchi Province, northern Nigeria."" (Allen, 1939)",,,,Nigeria,,,BMNH:Mamm:1913.5.15.1,holotype,https://data.nhm.ac.uk/object/5e82aeb1-59ad-491b-b235-cfd043780c7a,Rodentia,Gliridae,Graphiurus,kelleni,NA,,,,63302,1001511,Holden (2005) (information at https://hesperomys.com/a/8525),
100021508,Graphiurus kelleni,olga,O. Thomas,1925,1,available,synonym,Claviglis olga,Claviglis olga,species,"Thomas, O. 1925-07-01. On the mammals (other than ruminants) collected by Captain Angus Buchanan during his second Saharan expedition, and presented by him to the National Museum. Annals and Magazine of Natural History (9)16(91):187-197.",NA,,Annals and Magazine of Natural History,electronic,192,https://doi.org/10.1080/00222932508633288,,,,Tehsiderak,"""Tehsiderak, Air, 2350 ft. French West Africa. 18 52'N7 43'E"" (Natural History Museum, 2014) | ""Tehsiderak, Asben, (Air), French West Africa."" (Allen, 1939)",,,,Niger,,,BMNH:Mamm:1925.5.12.32,holotype,https://data.nhm.ac.uk/object/9e4337e5-e21d-4c4a-abd2-0157b07b6c3e,Rodentia,Gliridae,Graphiurus,kelleni,NA,,,,63305,1001511,Holden (2005) (information at https://hesperomys.com/a/8525),
100021509,Graphiurus kelleni,tasmani,A. Roberts,1929,1,available,synonym,Claviglis tasmani,Claviglis tasmani,species,"Roberts, A. 1929. New forms of African mammals. Annals of the Transvaal Museum 13(2):82-121.",NA,,Annals of the Transvaal Museum,electronic,95,https://hdl.handle.net/10520/AJA00411752_675,,,,"Driefontein Mission Station, near Gweio, Southern Rhodesia","""Driefontein Mission Station, near Gwelo, Southern Rhodesia."" (Allen, 1939) | ""Driefontein Mission Station, near Gwelo, central Zimbabwe."" (Meester, Rautenbach, Dippenaar & Baker, 1986)",,,,Zimbabwe,,,AMG 5656,holotype,,Rodentia,Gliridae,Graphiurus,kelleni,NA,,,,63308,1001511,Holden (2005) (information at https://hesperomys.com/a/8525),
100050669,Graphiurus kelleni,kelleni,Shortridge,1934,1,name_combination,synonym,Claviglis kelleni,Claviglis kelleni,species,"Shortridge, G.C. 1934. The Mammals of South West Africa. Volume I. William Heinemann, London, 437 pp.",NA,,London,electronic,222,,,,,,,,,,,,,,,,Rodentia,Gliridae,Graphiurus,kelleni,,"Eliomys kelleni Reuvens, 1890 [100021499]",,,123178,1001511,Shortridge (1934:222) (information at https://hesperomys.com/a/69309) | Hill & Carter (1941:81) (information at https://hesperomys.com/a/16955),
100021510,Graphiurus kelleni,cuanzensis,J. Eric Hill & T. D. Carter,1937,1,available,synonym,Claviglis ansorgei cuanzensis,Claviglis ansorgei cuanzensis,subspecies,"Hill, J.E. and Carter, T.D. 1937-03-08. Ten new rodents from Angola, Africa. American Museum Novitates 913:1-10.",NA,,American Museum Novitates,electronic,9,https://www.biodiversitylibrary.org/item/169822,,,,"Chitau, alt. 4930 ft., Angola","""Africa;Angola;Bie;Chitau;;;; ... 4930 ft"" (Anonymous, 2018) | ""Angola: (Bie); Chitau. February 12, 1933."" (Lawrence, 1993) | ""Chitau, 1503 m (4930 ft), central Angola."" (Meester, Rautenbach, Dippenaar & Baker, 1986) | ""Chitau, Angola, 4930 ft."" (Allen, 1939)",,,,Angola,,,AMNH M-88191,holotype,http://portal.vertnet.org/o/amnh/mammals?id=urn-catalog-amnh-mammals-m-88191,Rodentia,Gliridae,Graphiurus,kelleni,NA,,,,63300,1001511,Hill & Carter (1941:80) (information at https://hesperomys.com/a/16955) | Holden (2005) (information at https://hesperomys.com/a/8525),
100050667,Graphiurus kelleni,ansorgei,J. Eric Hill & T. D. Carter,1941,1,name_combination,synonym,Claviglis ansorgei,Claviglis ansorgei,species,"Hill, J.E. and Carter, T.D. 1941. The mammals of Angola, Africa. Bulletin of the American Museum of Natural History 78(1):1-211.",NA,,Bulletin of the American Museum of Natural History,electronic,79,https://www.biodiversitylibrary.org/item/166739,,,,,,,,,,,,,,,Rodentia,Gliridae,Graphiurus,kelleni,,"Graphiurus ansorgei Dollman, 1912 [100021505]",,,123176,1001511,Hill & Carter (1941:79) (information at https://hesperomys.com/a/16955),
100050668,Graphiurus kelleni,ansorgei,J. Eric Hill & T. D. Carter,1941,1,name_combination,synonym,Claviglis ansorgei ansorgei,Claviglis ansorgei ansorgei,subspecies,"Hill, J.E. and Carter, T.D. 1941. The mammals of Angola, Africa. Bulletin of the American Museum of Natural History 78(1):1-211.",NA,,Bulletin of the American Museum of Natural History,electronic,79,https://www.biodiversitylibrary.org/item/166739,,,,,,,,,,,,,,,Rodentia,Gliridae,Graphiurus,kelleni,,"Graphiurus ansorgei Dollman, 1912 [100021505]",,,123177,1001511,Hill & Carter (1941:79) (information at https://hesperomys.com/a/16955),
100056947,Graphiurus kelleni,cuanzensis,Hayman,1963,0,name_combination,synonym,Graphiurus (Claviglis) murinus cuanzensis,Graphiurus murinus cuanzensis,subspecies,"Hayman, R.W. 1963-10-21. Mammals from Angola, mainly from the Lunda District. Publicações culturais, Companhia de Diamantes de Angola 66:85-139.",NA,,"Publicações culturais, Companhia de Diamantes de Angola",electronic,121,,,,,,,,,,,,,,,,Rodentia,Gliridae,Graphiurus,kelleni,,"Claviglis ansorgei cuanzensis J. Eric Hill & T. D. Carter, 1937 [100021510]",,,132291,1001511,Hayman (1963:121) (information at https://hesperomys.com/a/68592),
100041088,Graphiurus kelleni,kelleni,Holden,1993,0,name_combination,synonym,Graphiurus kelleni,Graphiurus kelleni,species,"Holden, M.E. 1993. Family Myoxidae. Pp. 763–770 in Wilson, D.E. and Reeder, D.M. (eds.). Mammal Species of the World: A Taxonomic and Geographic Reference. Second edition. Smithsonian Institution Press, Washington, 1206 pp.",NA,,Washington,electronic,764,,,,,,,,,,,,,,,,Rodentia,Gliridae,Graphiurus,kelleni,,"Eliomys kelleni Reuvens, 1890 [100021499]",,,112856,1001511,"Holden (1993:764) (information at https://hesperomys.com/a/69027) | Holden (2005) (information at https://hesperomys.com/a/8525) | Happold (2013:116) (information at https://hesperomys.com/a/27625) | Wilson, Lacher & Mittermeier (2016:843) (information at https://hesperomys.com/a/59599) | Mammal Diversity Database (2018:ID #9483) (information at https://hesperomys.com/a/67336) | Mammal Diversity Database (2019:ID #9483) (information at https://hesperomys.com/a/67337) | Mammal Diversity Database (2024, https://www.mammaldiversity.org/taxon/1001511) (information at https://hesperomys.com/a/67250) | International Union for the Conservation of Nature (2024, https://www.iucnredlist.org/species/9483/115093358) (information at https://hesperomys.com/a/67246)",
100058341,Graphiurus kelleni,olga,Holden,1993,0,name_combination,synonym,Graphiurus olga,Graphiurus olga,species,"Holden, M.E. 1993. Family Myoxidae. Pp. 763–770 in Wilson, D.E. and Reeder, D.M. (eds.). Mammal Species of the World: A Taxonomic and Geographic Reference. Second edition. Smithsonian Institution Press, Washington, 1206 pp.",NA,,Washington,electronic,765,,,,,,,,,,,,,,,,Rodentia,Gliridae,Graphiurus,kelleni,NA,"Claviglis olga O. Thomas, 1925 [100021508]",,,133931,1001511,Holden (1993:765) (information at https://hesperomys.com/a/69027),
100021511,Graphiurus lorraineus,lorraineus,Dollman,1910,0,available,species,Graphiurus lorraineus,Graphiurus lorraineus,species,"Dollman, G. 1910-03-01. Two new species of African dormice belonging to the genus _Graphiurus_. Annals and Magazine of Natural History (8)5(27):285-288.",NA,,Annals and Magazine of Natural History,electronic,285,https://www.biodiversitylibrary.org/page/16094710,https://www.biodiversitylibrary.org/page/16094710,,"Molegbwe, south of Setema Rapids, Welle (Uele) River, Democratic Republic of the Congo.","Batempa, Upper Sankuru River, Southern Central Congo.","""""Molegbwe, south of the Setema Rapids, Welle River, Congo."" This is about 20 miles west of Banzyville."" (Hatt, 1940) | ""Dem. Rep. Congo, Welle (Uele) River, Molegbwe, south of Setema Rapids"" (Holden, 2005) | ""Molegbwe, S. of Setema Rapids, Welle River. Congo."" (Natural History Museum, 2014) | ""Molegbwe, south of Setema Rapids, Uele River, Congo Belge."" (Allen, 1939)",,,,Democratic Republic of the Congo,,,BMNH:Mamm:1907.7.8.115,holotype,https://data.nhm.ac.uk/object/660cfa97-aef8-4c59-a2df-63524c52249b,Rodentia,Gliridae,Graphiurus,lorraineus,NA,,,,63309,1001512,"Corbet & Hill (1991:197) (information at https://hesperomys.com/a/63070) | Holden (1993:764) (information at https://hesperomys.com/a/69027) | Holden (2005) (information at https://hesperomys.com/a/8525) | Happold (2013:118) (information at https://hesperomys.com/a/27625) | Wilson, Lacher & Mittermeier (2016:844) (information at https://hesperomys.com/a/59599) | Mammal Diversity Database (2018:ID #9484) (information at https://hesperomys.com/a/67336) | Mammal Diversity Database (2019:ID #9484) (information at https://hesperomys.com/a/67337) | Mammal Diversity Database (2024, https://www.mammaldiversity.org/taxon/1001512) (information at https://hesperomys.com/a/67250) | International Union for the Conservation of Nature (2024, https://www.iucnredlist.org/species/9484/115093567) (information at https://hesperomys.com/a/67246)",
100021512,Graphiurus lorraineus,haedulus,Dollman,1912,0,available,synonym,Graphiurus haedulus,Graphiurus haedulus,species,"Dollman, G. 1912-03-01. Seven new African dormice. Annals and Magazine of Natural History (8)9(51):312-320.",NA,,Annals and Magazine of Natural History,electronic,316,https://www.biodiversitylibrary.org/page/18639069,https://www.biodiversitylibrary.org/page/18639073,,,"Assobam, Bumba River, Cameroons. Altitude 2000 feet.","""Assobam, Bumba River, Cameroons"" (Allen, 1939)",,,,Cameroon,,,BMNH:Mamm:1909.10.2.21,holotype,,Rodentia,Gliridae,Graphiurus,lorraineus,NA,,,,63310,1001512,Holden (2005) (information at https://hesperomys.com/a/8525),
100021513,Graphiurus lorraineus,spurrelli,Dollman,1912,0,available,synonym,Graphiurus spurrelli,Graphiurus spurrelli,species,"Dollman, G. 1912-03-01. Seven new African dormice. Annals and Magazine of Natural History (8)9(51):312-320.",NA,,Annals and Magazine of Natural History,electronic,315,https://www.biodiversitylibrary.org/page/18639069,https://www.biodiversitylibrary.org/page/18639072,,,"Bibianaha, 60 miles west of Kumasi, Gold Coast Colony.","""Bibianaha, 60 miles west of Kumasi, Gold Coast."" (Allen, 1939) | ""Bibianaha, [60 miles west of Kumasi]. Gold Coast. [brackets original]"" (Natural History Museum, 2014) | ""Nr Dunkwa. Gold Coast"" (Natural History Museum, 2014)",,,,Ghana,,,BMNH:Mamm:1910.4.13.2,holotype,https://data.nhm.ac.uk/object/3a858b1f-4d93-45be-8d9b-33d3fa435708 | https://data.nhm.ac.uk/object/aab75821-5f53-4eef-999c-40203532341d,Rodentia,Gliridae,Graphiurus,lorraineus,NA,,,,63311,1001512,Holden (2005) (information at https://hesperomys.com/a/8525),
100057479,Graphiurus lorraineus,haedulus,Eisentraut,1963,0,name_combination,synonym,Graphiurus murinus haedulus,Graphiurus murinus haedulus,subspecies,"Eisentraut, M. 1963. Die Wirbeltiere des Kamerungebirges. Paul Parey, Hamburg, 353 pp.",NA,,Hamburg,electronic,128,,,,,,,,,,,,,,,,Rodentia,Gliridae,Graphiurus,lorraineus,,"Graphiurus haedulus Dollman, 1912 [100021512]",,,132900,1001512,Eisentraut (1963:128) (information at https://hesperomys.com/a/68788),
100056948,Graphiurus lorraineus,lorraineus,Hayman,1963,0,name_combination,synonym,Graphiurus (Claviglis) murinus lorraineus,Graphiurus murinus lorraineus,subspecies,"Hayman, R.W. 1963-10-21. Mammals from Angola, mainly from the Lunda District. Publicações culturais, Companhia de Diamantes de Angola 66:85-139.",NA,,"Publicações culturais, Companhia de Diamantes de Angola",electronic,121,,,,,,,,,,,,,,,,Rodentia,Gliridae,Graphiurus,lorraineus,,"Graphiurus lorraineus Dollman, 1910 [100021511]",,,132292,1001512,Hayman (1963:121) (information at https://hesperomys.com/a/68592),
100055503,Graphiurus lorraineus,spurrelli,Heim de Balsac & Bellier,1967,0,name_combination,synonym,Graphiurus murinus spurrelli,Graphiurus murinus spurrelli,subspecies,"Heim de Balsac, H. and Bellier, L. 1967. Liste préliminaire des rongeurs de Lamto (Côte-d'Ivoire). Mammalia 31(1):156-159.",NA,,Mammalia,electronic,156,https://doi.org/10.1515/mamm.1967.31.1.156,,,,,,,,,,,,,,,Rodentia,Gliridae,Graphiurus,lorraineus,,"Graphiurus spurrelli Dollman, 1912 [100021513]",,,130182,1001512,Heim de Balsac & Bellier (1967:156) (information at https://hesperomys.com/a/58093),
100021514,Graphiurus microtis,orobinus,J. A. Wagner,1845,1,available,synonym,Myoxus orobinus,Myoxus orobinus,species,"Wagner, J.A. 1845. Diagnosen einiger neuen Arten von Nagern und Handflüglern. Archiv für Naturgeschichte 11:145-149.",NA,,Archiv für Naturgeschichte,electronic,149,https://www.biodiversitylibrary.org/page/14776495,https://www.biodiversitylibrary.org/page/14776499,,,Sennaar,"""Sennaar."" (Allen, 1939)",,,,Sudan,,,,,,Rodentia,Gliridae,Graphiurus,microtis,NA,,,,63319,1001513,"Wagner (1845:149, https://www.biodiversitylibrary.org/page/14776499) (information at https://hesperomys.com/a/34349) | Holden (2005) (information at https://hesperomys.com/a/8525)",
100055819,Graphiurus microtis,orobinus,Giebel,1855,1,name_combination,synonym,Eliomys orobinus,Eliomys orobinus,species,"Giebel, C.G. 1855. Die Säugethiere in zoologischer, anatomischer und palæontologischer Beziehung. Ambrosius Abel, Leipzig, 1108 pp.",NA,,Leipzig,electronic,625,https://www.biodiversitylibrary.org/item/163353,https://www.biodiversitylibrary.org/page/45548816,,,,,,,,,,,,,,Rodentia,Gliridae,Graphiurus,microtis,,"Myoxus orobinus J. A. Wagner, 1845 [100021514]",,,130591,1001513,"Giebel (1855:625, https://www.biodiversitylibrary.org/page/45548816) (information at https://hesperomys.com/a/38563) | Murray (1866:352, https://www.biodiversitylibrary.org/page/15580348) (information at https://hesperomys.com/a/39798)",
100021515,Graphiurus microtis,microtis,Noack,1887,1,available,species,Eliomys microtis,Eliomys microtis,species,"Noack, T. 1887-05-07. Beiträge zur Kenntniss der Säugethier-Fauna von Ost- und Central-Afrika. Nach Sammlungen und Aufzeichnungen des verstorbenen Dr. Richard Böhm. Zoologische Jahrbücher 2(2):193-302.",NA,"""Zool. Jahrb., 2: 248, pl. 9, f. 19-22, 7 May 1887"" (Allen, 1939) | ""Zool. Jahrb., 2:248"" (Holden, 2005) | ""ZoologischeJahrbucher 2, Systematik: 248, pl. 9, figs 19-22. Mpala's, west shore of Lake Tanganyika, Marungu, 1189 m (3900 ft), Zaire."" (Meester, Rautenbach, Dippenaar & Baker, 1986)",Zoologische Jahrbücher,electronic,248,https://www.biodiversitylibrary.org/part/189747,https://www.biodiversitylibrary.org/page/10356288,,"Qua Mpala, Marungu, Democratic Republic of the Congo.","Qua Mpala, Marungu","""""Qua Mpala, Marungu,"" Tanganyika Territory."" (Allen, 1939) | ""Dem. Rep. Congo, Marungu, Qua Mpala"" (Holden, 2005) | ""See Hipposideros commersoni marungensis (p. 80). [Marungu is on the west side of Lake Tanganyika, in Belgian Congo = DRC.] Incidentally it may be noted as exceedingly improbable that the Marungu animal is the same as that found at the Cape, since three other subspecies in intervening areas are listed as valid."" (Moreau, Hopkins & Hayman, 1946)",,,,Democratic Republic of the Congo,,,,holotype,,Rodentia,Gliridae,Graphiurus,microtis,NA,,,,63312,1001513,"Noack (1887:248, https://www.biodiversitylibrary.org/page/10356288) (information at https://hesperomys.com/a/67855)",
100021516,Graphiurus microtis,smithii,O. Thomas,1893,1,available,synonym,Myoxus (Eliomys) Smithii,Myoxus smithii,species,"Thomas, O. 1893-10-01. Descriptions of two new rodents from the Victoria Nyanza. Annals and Magazine of Natural History (6)12(70):267-269.",NA,,Annals and Magazine of Natural History,electronic,267,https://www.biodiversitylibrary.org/part/62293,https://www.biodiversitylibrary.org/page/24344039,,,"Nassa, Speke Gulf, S. Victoria Nyanza","""Nasa, south shore ofSpeke Gulf, Lake Victoria, Tanzania."" (Meester, Rautenbach, Dippenaar & Baker, 1986) | ""Nassa, Speke Gulf, Lake Victoria."" (Allen, 1939)",,,,Tanzania,,,,,,Rodentia,Gliridae,Graphiurus,microtis,NA,,,,63322,1001513,Holden (2005) (information at https://hesperomys.com/a/8525),
100041089,Graphiurus microtis,microtis,O. Thomas,1898,0,name_combination,synonym,Graphiurus microtis,Graphiurus microtis,species,"Thomas, O. 1898-04. On the mammals obtained by Mr. A. Whyte in Nyasaland, and presented to the British Museum by Sir H. H. Johnston, K.C.B.; being a fifth contribution to the mammal-fauna of Nyasaland. Proceedings of the Zoological Society of London 1897(4):925-939.",NA,,Proceedings of the Zoological Society of London,electronic,934,https://www.biodiversitylibrary.org/part/72713,https://www.biodiversitylibrary.org/page/30988175,,,,,,,,,,,,,,Rodentia,Gliridae,Graphiurus,microtis,,"Eliomys microtis Noack, 1887 [100021515]",,,112857,1001513,"Thomas (1898:934, https://www.biodiversitylibrary.org/page/30988175) (information at https://hesperomys.com/a/35378) | Dollman (1910:178, https://www.biodiversitylibrary.org/page/16094599) (information at https://hesperomys.com/a/10071) | Holden (1993:764) (information at https://hesperomys.com/a/69027) | Holden (2005) (information at https://hesperomys.com/a/8525) | Happold (2013:120) (information at https://hesperomys.com/a/27625) | Wilson, Lacher & Mittermeier (2016:844) (information at https://hesperomys.com/a/59599) | Mammal Diversity Database (2018:ID #9485) (information at https://hesperomys.com/a/67336) | Mammal Diversity Database (2019:ID #9485) (information at https://hesperomys.com/a/67337) | Mammal Diversity Database (2024, https://www.mammaldiversity.org/taxon/1001513) (information at https://hesperomys.com/a/67250) | International Union for the Conservation of Nature (2024, https://www.iucnredlist.org/species/9485/22221518) (information at https://hesperomys.com/a/67246)",
100048235,Graphiurus microtis,smithii,O. Thomas,1898,0,name_combination,synonym,Graphiurus smithii,Graphiurus smithii,species,"Thomas, O. 1898-04. On the mammals obtained by Mr. A. Whyte in Nyasaland, and presented to the British Museum by Sir H. H. Johnston, K.C.B.; being a fifth contribution to the mammal-fauna of Nyasaland. Proceedings of the Zoological Society of London 1897(4):925-939.",NA,,Proceedings of the Zoological Society of London,electronic,934,https://www.biodiversitylibrary.org/part/72713,https://www.biodiversitylibrary.org/page/30988175,,,,,,,,,,,,,,Rodentia,Gliridae,Graphiurus,microtis,,"Myoxus smithii O. Thomas, 1893 [100021516]",,,120386,1001513,"Thomas (1898:934, https://www.biodiversitylibrary.org/page/30988175) (information at https://hesperomys.com/a/35378)",
100021517,Graphiurus microtis,griselda,Schwann,1906,0,available,synonym,Graphiurus griselda,Graphiurus griselda,species,"Schwann, H. 1906-06-07. A list of the mammals obtained by Messrs. R. B. Woosnam and R. E. Dent in Bechuanaland. Proceedings of the Zoological Society of London 1906(1):101-111.",NA,,Proceedings of the Zoological Society of London,electronic,105,https://www.biodiversitylibrary.org/page/32051423,https://www.biodiversitylibrary.org/page/32051427,,,"Kuruman, Bechuanaland","""Kuruman, Bechuanaland."" (Allen, 1939) | ""Kuruman, northern Cape Province."" (Meester, Rautenbach, Dippenaar & Baker, 1986) | ""Kuruman. Bechuanaland."" (Natural History Museum, 2014)",,,,South Africa,Northern Cape,,BMNH:Mamm:1904.10.1.14,holotype,https://data.nhm.ac.uk/object/565ba7f3-96a8-4d6d-b364-de33f5ccf001,Rodentia,Gliridae,Graphiurus,microtis,NA,,,,63316,1001513,Holden (2005) (information at https://hesperomys.com/a/8525),
100021518,Graphiurus microtis,woosnami,Dollman,1910,0,available,synonym,Graphiurus woosnami,Graphiurus woosnami,species,"Dollman, G. 1910-10-01. A list of the mammals obtained by Mr. R. B. Woosnam during the expedition to Lake Ngami, with field-notes by the collector. Annals and Magazine of Natural History (8)6(34):388-401.",NA,,Annals and Magazine of Natural History,electronic,393,https://www.biodiversitylibrary.org/page/18619629,https://www.biodiversitylibrary.org/page/18619634,,,"North of Okwa, Kalahari. Altitude 3000 feet.","""North of Okwa, Kalahari Desert."" (Allen, 1939) | ""North of Okwa, Kalahari, 22 0 30' S, 2 I 0 30' E, Botswana."" (Meester, Rautenbach, Dippenaar & Baker, 1986)",,,,Botswana,,,BMNH:Mamm:1910.6.3.20,holotype,,Rodentia,Gliridae,Graphiurus,microtis,NA,,,,63327,1001513,Holden (2005) (information at https://hesperomys.com/a/8525),
100021519,Graphiurus microtis,butleri,Dollman,1912,0,available,synonym,Graphiurus butleri,Graphiurus butleri,species,"Dollman, G. 1912-03-01. Seven new African dormice. Annals and Magazine of Natural History (8)9(51):312-320.",NA,,Annals and Magazine of Natural History,electronic,319,https://www.biodiversitylibrary.org/page/18639069,https://www.biodiversitylibrary.org/page/18639076,,,"Jebel Ahmed Aga, Sudan","""Jebel Ahmed Aga, Anglo-Egyptian Sudan."" (Allen, 1939) | ""Jebel Ahmed Aga. Sudan."" (Natural History Museum, 2014)",,,,South Sudan,,,BMNH:Mamm:1911.11.25.84,holotype,https://data.nhm.ac.uk/object/986a68d6-205c-4305-8c28-04c49302881f,Rodentia,Gliridae,Graphiurus,microtis,NA,,,,63314,1001513,Holden (2005) (information at https://hesperomys.com/a/8525),
100021520,Graphiurus microtis,pretoriae,A. Roberts,1913,0,available,synonym,Graphiurus pretoriae,Graphiurus pretoriae,species,"Roberts, A. 1913. The collection of mammals in the Transvaal Museum registered up to the 31st March, 1913, with descriptions of new species. Annals of the Transvaal Museum 4(2):65-107.",NA,,Annals of the Transvaal Museum,electronic,79,https://www.biodiversitylibrary.org/part/358541,https://www.biodiversitylibrary.org/page/50439537,,,"Little Wonderboom, Pretoria","""Little Wonderboom, Pretoria, Transvaal."" (Allen, 1939) | ""Little Wonderboom, Pretoria, Transvaal."" (Meester, Rautenbach, Dippenaar & Baker, 1986)",,,,South Africa,Gauteng,,,holotype,,Rodentia,Gliridae,Graphiurus,microtis,NA,,,,63320,1001513,"Roberts (1913:79, https://www.biodiversitylibrary.org/page/50439537) (information at https://hesperomys.com/a/17656) | Holden (2005) (information at https://hesperomys.com/a/8525)",
100021521,Graphiurus microtis,streeteri,A. Roberts,1913,0,available,synonym,Graphiurus Streeteri,Graphiurus streeteri,species,"Roberts, A. 1913. The collection of mammals in the Transvaal Museum registered up to the 31st March, 1913, with descriptions of new species. Annals of the Transvaal Museum 4(2):65-107.",NA,,Annals of the Transvaal Museum,electronic,80,https://www.biodiversitylibrary.org/part/358541,https://www.biodiversitylibrary.org/page/50439538,,,"Hector Spruit, Transvaal","""Hector Spruit, Transvaal."" (Allen, 1939) | ""Hectorspruit, southeastern Transvaal."" (Meester, Rautenbach, Dippenaar & Baker, 1986)",,,,South Africa,Mpumalanga,,,holotype,,Rodentia,Gliridae,Graphiurus,microtis,NA,,,,63323,1001513,"Roberts (1913:80, https://www.biodiversitylibrary.org/page/50439538) (information at https://hesperomys.com/a/17656) | Holden (2005) (information at https://hesperomys.com/a/8525)",
100021522,Graphiurus microtis,tzaneenensis,A. Roberts,1913,0,available,synonym,Graphiurus murinus tzaneenensis,Graphiurus murinus tzaneenensis,subspecies,"Roberts, A. 1913. The collection of mammals in the Transvaal Museum registered up to the 31st March, 1913, with descriptions of new species. Annals of the Transvaal Museum 4(2):65-107.",NA,,Annals of the Transvaal Museum,electronic,79,https://www.biodiversitylibrary.org/part/358541,https://www.biodiversitylibrary.org/page/50439537,,,"Tzaneen Estate, Transvaal","""Tzaneen Estate, Transvaal."" (Allen, 1939) | ""Tzaneen, eastern Transvaal."" (Meester, Rautenbach, Dippenaar & Baker, 1986)",,,,South Africa,Limpopo,,,holotype,,Rodentia,Gliridae,Graphiurus,microtis,NA,,,,63325,1001513,"Roberts (1913:79, https://www.biodiversitylibrary.org/page/50439537) (information at https://hesperomys.com/a/17656) | Holden (2005) (information at https://hesperomys.com/a/8525)",
100021523,Graphiurus microtis,littoralis,A. Roberts,1929,1,available,synonym,Claviglis littoralis,Claviglis littoralis,species,"Roberts, A. 1929. New forms of African mammals. Annals of the Transvaal Museum 13(2):82-121.",NA,,Annals of the Transvaal Museum,electronic,97,https://hdl.handle.net/10520/AJA00411752_675,,,,"Masiene, on the coast, a little north of the mouth of the Limpopo River, Portuguese South-east Africa","""Masiene, just north of the mouth of the Limpopo River, southern Mozambique."" (Meester, Rautenbach, Dippenaar & Baker, 1986) | ""Masiene, north of mouth of Limpopo River, Mozambique."" (Allen, 1939)",,,,Mozambique,,,TM 4114,holotype,,Rodentia,Gliridae,Graphiurus,microtis,NA,,,,63317,1001513,Holden (2005) (information at https://hesperomys.com/a/8525),
100021524,Graphiurus microtis,vandami,A. Roberts,1929,1,available,synonym,Claviglis vandami,Claviglis vandami,species,"Roberts, A. 1929. New forms of African mammals. Annals of the Transvaal Museum 13(2):82-121.",NA,,Annals of the Transvaal Museum,electronic,97,https://hdl.handle.net/10520/AJA00411752_675,,,,"Guja, Lower Olfiants River Valley, Portuguese South-east Africa","""Guija, lower Olifants River, southern Mozambique."" (Meester, Rautenbach, Dippenaar & Baker, 1986) | ""Guja, lower Olifants River Valley, Portuguese Southeast Africa (Mozambique)."" (Allen, 1939)",,,,Mozambique,,,TM 1603,holotype,,Rodentia,Gliridae,Graphiurus,microtis,NA,,,,63326,1001513,Holden (2005) (information at https://hesperomys.com/a/8525),
100054985,Graphiurus microtis,woosnami,O. Thomas,1929,1,name_combination,synonym,Claviglis woosnami,Claviglis woosnami,species,"Thomas, O. 1929-04. On mammals from the Kaoko-Veld, South-West Africa, obtained during Captain Shortridge's fifth Percy Sladen and Kaffrarian Museum Expedition. Proceedings of the Zoological Society of London 1929:99-111.",NA,,Proceedings of the Zoological Society of London,electronic,107,https://doi.org/10.1111/j.1469-7998.1929.tb07691.x,,,,,,,,,,,,,,,Rodentia,Gliridae,Graphiurus,microtis,,"Graphiurus woosnami Dollman, 1910 [100021518]",,,129221,1001513,Thomas (1929:107) (information at https://hesperomys.com/a/14027),
100058753,Graphiurus microtis,griselda,Shortridge,1934,1,name_combination,synonym,Claviglis griselda,Claviglis griselda,species,"Shortridge, G.C. 1934. The Mammals of South West Africa. Volume I. William Heinemann, London, 437 pp.",NA,,London,electronic,218,,,,,,,,,,,,,,,,Rodentia,Gliridae,Graphiurus,microtis,NA,"Graphiurus griselda Schwann, 1906 [100021517]",,,134382,1001513,Shortridge (1934:218) (information at https://hesperomys.com/a/69309),
100058754,Graphiurus microtis,griselda,Shortridge,1934,1,name_combination,synonym,Claviglis griselda griselda,Claviglis griselda griselda,subspecies,"Shortridge, G.C. 1934. The Mammals of South West Africa. Volume I. William Heinemann, London, 437 pp.",NA,,London,electronic,218,,,,,,,,,,,,,,,,Rodentia,Gliridae,Graphiurus,microtis,NA,"Graphiurus griselda Schwann, 1906 [100021517]",,,134383,1001513,Shortridge (1934:218) (information at https://hesperomys.com/a/69309),
100058755,Graphiurus microtis,woosnami,Shortridge,1934,1,name_combination,synonym,Claviglis griselda woosnami,Claviglis griselda woosnami,subspecies,"Shortridge, G.C. 1934. The Mammals of South West Africa. Volume I. William Heinemann, London, 437 pp.",NA,,London,electronic,218,,,,,,,,,,,,,,,,Rodentia,Gliridae,Graphiurus,microtis,NA,"Graphiurus woosnami Dollman, 1910 [100021518]",,,134384,1001513,Shortridge (1934:218) (information at https://hesperomys.com/a/69309),
100021525,Graphiurus microtis,etoschae,A. Roberts,1938,1,available,synonym,Claviglis woosnami etoschae,Claviglis woosnami etoschae,subspecies,"Roberts, A. 1938. Descriptions of new forms of mammals. Annals of the Transvaal Museum 19(2):231-245.",NA,,Annals of the Transvaal Museum,electronic,238,https://hdl.handle.net/10520/AJA00411752_502,,,,"Itota Dune, 40 miles south of Ondonga, Ovamboland","""Itota Dune, 64 km south ofOndongwa, Etosha Pan district, Ovamboland, northern Namibia."" (Meester, Rautenbach, Dippenaar & Baker, 1986)",,,,Namibia,,,TM 8015,holotype,,Rodentia,Gliridae,Graphiurus,microtis,NA,,,,63315,1001513,Holden (2005) (information at https://hesperomys.com/a/8525),
100021526,Graphiurus microtis,schneideri,A. Roberts,1938,1,available,synonym,Claviglis schneideri,Claviglis schneideri,species,"Roberts, A. 1938. Descriptions of new forms of mammals. Annals of the Transvaal Museum 19(2):231-245.",NA,,Annals of the Transvaal Museum,electronic,237,https://hdl.handle.net/10520/AJA00411752_502,,,,"Okosongomingo, Waterberg, South-West Africa","""Okosongomingo, Waterberg, Damaraland, Namibia."" (Meester, Rautenbach, Dippenaar & Baker, 1986)",,,,Namibia,,,TM 8016,holotype,,Rodentia,Gliridae,Graphiurus,microtis,NA,,,,63321,1001513,Holden (2005) (information at https://hesperomys.com/a/8525),
100021527,Graphiurus microtis,albolineatus,Frechkop,1947,1,available,synonym,Claviglis albolineatus,Claviglis albolineatus,species,,"Frechkop, i.l. Schouteden, 46 In Schouteden, Annalen van het museum van Belgisch Congo, reeks II, Deel III, Aflevering 3, p. 464",,Annales du Musée du Congo,,464,,,,,,"""Gabiro, Rwanda"" (Wendelen, 2016)",,,,Rwanda,,,RMCA 13280,holotype,,Rodentia,Gliridae,Graphiurus,microtis,NA,,,,63313,1001513,Holden (2005) (information at https://hesperomys.com/a/8525),
100021528,Graphiurus microtis,sudanensis,Setzer,1953,0,available,synonym,Graphiurus murinus sudanensis,Graphiurus murinus sudanensis,subspecies,"Setzer, H.W. 1953. Four new mammals from the Anglo-Egyptian Sudan. Journal of the Washington Academy of Sciences 43(10):333-335.",NA,,Journal of the Washington Academy of Sciences,electronic,333,https://www.biodiversitylibrary.org/part/50630,https://www.biodiversitylibrary.org/page/39745015,,,"Torit, Equatoria Province, Anglo-Egyptian Sudan","""Africa, Sudan, Eastern Equatoria, Torit Dist, Ethiopean: Torit ... Torit"" (Anonymous, 2018)",,,,South Sudan,,,FMNH:Mamm:79429,holotype,http://portal.vertnet.org/o/fmnh/mammals?id=2c73919b-7932-4616-ac18-50d6cf781269,Rodentia,Gliridae,Graphiurus,microtis,NA,,,,63324,1001513,"Setzer (1956:544, https://www.biodiversitylibrary.org/page/7489150) (information at https://hesperomys.com/a/5501) | Holden (2005) (information at https://hesperomys.com/a/8525)",
100055656,Graphiurus microtis,butleri,Setzer,1956,0,name_combination,synonym,Graphiurus murinus butleri,Graphiurus murinus butleri,subspecies,"Setzer, H.W. 1956-11-28. Mammals of the Anglo-Egyptian Sudan. Proceedings of the United States National Museum 106:447-587.",NA,,Proceedings of the United States National Museum,electronic,543,https://www.biodiversitylibrary.org/part/22138,https://www.biodiversitylibrary.org/page/7489149,,,,,,,,,,,,,,Rodentia,Gliridae,Graphiurus,microtis,,"Graphiurus butleri Dollman, 1912 [100021519]",,,130338,1001513,"Setzer (1956:543, https://www.biodiversitylibrary.org/page/7489149) (information at https://hesperomys.com/a/5501)",
100021529,Graphiurus microtis,marrensis,Setzer,1956,0,available,synonym,Graphiurus murinus marrensis,Graphiurus murinus marrensis,subspecies,"Setzer, H.W. 1956-11-28. Mammals of the Anglo-Egyptian Sudan. Proceedings of the United States National Museum 106:447-587.",NA,,Proceedings of the United States National Museum,electronic,542,https://www.biodiversitylibrary.org/part/22138,https://www.biodiversitylibrary.org/page/7489148,,,"Kulme, Wadi Aribo, 3,300 ft., Darfur Province, Anglo-Egyptian Sudan.",,,,,Sudan,,,BMNH:Mamm:1923.1.1.115,holotype,,Rodentia,Gliridae,Graphiurus,microtis,NA,,,,63318,1001513,"Setzer (1956:542, https://www.biodiversitylibrary.org/page/7489148) (information at https://hesperomys.com/a/5501) | Holden (2005) (information at https://hesperomys.com/a/8525)",
100055657,Graphiurus microtis,orobinus,Setzer,1956,0,name_combination,synonym,Graphiurus orobinus,Graphiurus orobinus,species,"Setzer, H.W. 1956-11-28. Mammals of the Anglo-Egyptian Sudan. Proceedings of the United States National Museum 106:447-587.",NA,,Proceedings of the United States National Museum,electronic,544,https://www.biodiversitylibrary.org/part/22138,https://www.biodiversitylibrary.org/page/7489150,,,,,,,,,,,,,,Rodentia,Gliridae,Graphiurus,microtis,,"Myoxus orobinus J. A. Wagner, 1845 [100021514]",,,130339,1001513,"Setzer (1956:544, https://www.biodiversitylibrary.org/page/7489150) (information at https://hesperomys.com/a/5501)",
100021530,Graphiurus monardi,monardi,St. Leger,1936,1,available,species,Claviglis monardi,Claviglis monardi,species,"St. Leger, J. 1936-04-01. Mammals from Angola, including a new species of _Claviglis_ and a new race of _Zelotomys_. Annals and Magazine of Natural History (10)17(100):464-472.",NA,,Annals and Magazine of Natural History,electronic,465,https://doi.org/10.1080/00222933608655142,,,"Kioko, 1250 m, 15 km above Dala, Tyihumbwe (Chiumbe) River, NE Angola.","15 km., above Dala, Tyihumbwe River","""Angola, Tyihumbwe (Chiumbe) River, 15 km above Dala, Kioko, 1250 m (see Hill and Carter, 1941)"" (Holden, 2005)",,,,Angola,,,BMNH:Mamm:1935.3.20.1,holotype,,Rodentia,Gliridae,Graphiurus,monardi,NA,,,,63328,1001514,Hill & Carter (1941:81) (information at https://hesperomys.com/a/16955),
100021531,Graphiurus monardi,schoutedeni,Frechkop,1947,0,available,synonym,Graphiurus schoutedeni,Graphiurus schoutedeni,species,,"Rev.Zool.Bot.Afr., Vol. 40, p. 220",,Revue de zoologie et de botanique africaines,,220,,,,,,"""Katanga, RDCongo"" (Wendelen, 2016)",,,,Democratic Republic of the Congo,,,RMCA 437B,holotype,,Rodentia,Gliridae,Graphiurus,monardi,NA,,,,63329,1001514,Holden (2005) (information at https://hesperomys.com/a/8525),
100041090,Graphiurus monardi,monardi,Hayman,1963,0,name_combination,synonym,Graphiurus (Claviglis) monardi,Graphiurus monardi,species,"Hayman, R.W. 1963-10-21. Mammals from Angola, mainly from the Lunda District. Publicações culturais, Companhia de Diamantes de Angola 66:85-139.",NA,,"Publicações culturais, Companhia de Diamantes de Angola",electronic,120,,,,,,,,,,,,,,,,Rodentia,Gliridae,Graphiurus,monardi,,"Claviglis monardi St. Leger, 1936 [100021530]",,,112858,1001514,"Hayman (1963:120) (information at https://hesperomys.com/a/68592) | Corbet & Hill (1991:197) (information at https://hesperomys.com/a/63070) | Holden (1993:764) (information at https://hesperomys.com/a/69027) | Holden (2005) (information at https://hesperomys.com/a/8525) | Happold (2013:123) (information at https://hesperomys.com/a/27625) | Wilson, Lacher & Mittermeier (2016:845) (information at https://hesperomys.com/a/59599) | Mammal Diversity Database (2018:ID #9486) (information at https://hesperomys.com/a/67336) | Mammal Diversity Database (2019:ID #9486) (information at https://hesperomys.com/a/67337) | Mammal Diversity Database (2024, https://www.mammaldiversity.org/taxon/1001514) (information at https://hesperomys.com/a/67250) | International Union for the Conservation of Nature (2024, https://www.iucnredlist.org/species/9486/22221691) (information at https://hesperomys.com/a/67246)",
100021532,Graphiurus murinus,murinus,A. G. Desmarest,1822,1,available,species,myoxus murinus,Myoxus murinus,species,"Desmarest, A.G. 1822-07-06. Mammalogie ou description des espèces de mammifères. Seconde partie, contenant les ordres des rongeurs, des édentés, des pachydermes, des ruminans et des cétacés. Veuve Agasse, Paris, 277-555 pp.",NA,,Paris,electronic,542,https://www.biodiversitylibrary.org/item/122171,https://www.biodiversitylibrary.org/page/39521986,,"Cape Province, Cape of Good Hope, South Africa.",Cap de Bonne-Espérance,"""Cape of Good Hope."" (Allen, 1939) | ""Cape of Good Hope."" (Meester, Rautenbach, Dippenaar & Baker, 1986) | ""South Africa, Cape of Good Hope"" (Holden, 2005) | ""South Africa, Cape of Good Hope."" (Honacki, Kinman & Koeppl, 1982)",,,,South Africa,Western Cape,,"MNHN:type:321 (= MNHN ""774""), MNHN:type:321a (= MNHN ""775"")",syntypes,,Rodentia,Gliridae,Graphiurus,murinus,NA,,,,63330,1001515,"Desmarest (1822:542, https://www.biodiversitylibrary.org/page/39521986) (information at https://hesperomys.com/a/36189) | Fischer (1829:310) (information at https://hesperomys.com/a/59856) | Smuts (1832:34, https://www.biodiversitylibrary.org/page/43088671) (information at https://hesperomys.com/a/60235) | Lesson (1842:134) (information at https://hesperomys.com/a/36812) | Peters (1852:136) (information at https://hesperomys.com/a/61421)",
100021533,Graphiurus murinus,lalandianus,H. R. Schinz,1825,1,nomen_novum,synonym,Myoxus lalandianus,Myoxus lalandianus,species,"Schinz, H.R. 1825. Das Thierreich eingetheilt nach dem Bau der Thiere als Grundlage ihrer Naturgeschichte und der vergleichenden Anatomie. Vierter Band. Zoophyten. J. G. Cotta'sche Buchhandlung, Stuttgart, 793 pp.",NA,,Stuttgart,electronic,393,https://www.biodiversitylibrary.org/item/210180,https://www.biodiversitylibrary.org/page/51523810,,,Am Cap | Cap de Bonne-Espérance,"""Cape of Good Hope."" (Allen, 1939) | ""Cape of Good Hope. Renaming of murinus Desmarest."" (Meester, Rautenbach, Dippenaar & Baker, 1986) | ""Cape of Good Hope."" (Allen, 1939) | ""Cape of Good Hope."" (Meester, Rautenbach, Dippenaar & Baker, 1986) | ""South Africa, Cape of Good Hope"" (Holden, 2005) | ""South Africa, Cape of Good Hope."" (Honacki, Kinman & Koeppl, 1982)",,,,South Africa,Western Cape,,"MNHN:type:321 (= MNHN ""774""), MNHN:type:321a (= MNHN ""775"")",syntypes,,Rodentia,Gliridae,Graphiurus,murinus,NA,"Myoxus murinus A. G. Desmarest, 1822 [100021532]",,,63339,1001515,"Schinz (1825:393, https://www.biodiversitylibrary.org/page/51523810) (information at https://hesperomys.com/a/66129) | Holden (2005) (information at https://hesperomys.com/a/8525)",
100021534,Graphiurus murinus,erythrobronchus,A. Smith,1829,1,available,synonym,Myoxus erythrobronchus,Myoxus erythrobronchus,species,"Smith, A. 1829-05. Contributions to the natural history of South Africa. Zoological Journal 4(16):433-444.",NA,,Zoological Journal,electronic,438,https://www.biodiversitylibrary.org/part/39018,https://www.biodiversitylibrary.org/page/2310847,,,Found inhabiting trees in many of the forests of South Africa.,"""South Africa."" (Allen, 1939) | ""South Africa."" (Meester, Rautenbach, Dippenaar & Baker, 1986)",,,,South Africa,,,,,,Rodentia,Gliridae,Graphiurus,murinus,NA,,,,63335,1001515,Holden (2005) (information at https://hesperomys.com/a/8525),
100021535,Graphiurus murinus,cineraceus,Rüppell,1842,1,available,synonym,Myoxus cineraceus,Myoxus cineraceus,species,"Rüppell, E. 1842. Beschreibung mehrerer neuer Säugethiere in der zoologischen Sammlung der Senckenbergischen naturforschenden Gesellschaft befindlich. Museum Senckenbergianum 3(2):129-144.",NA,,Museum Senckenbergianum,electronic,136,https://www.biodiversitylibrary.org/page/45886792,https://www.biodiversitylibrary.org/page/45886799,,,angeblich von Port Natal,"""Port Natal = Durban, Natal."" (Meester, Rautenbach, Dippenaar & Baker, 1986) | ""Port Natal, Süd-Afrika"" (Mertens, 1925) | ""Port Natal."" (Allen, 1939)",,,,South Africa,KwaZulu-Natal,,SMF:MAMM:814,holotype,,Rodentia,Gliridae,Graphiurus,murinus,NA,,,,63332,1001515,Holden (2005) (information at https://hesperomys.com/a/8525),
100021536,Graphiurus murinus,cinerascens,H. R. Schinz,1845,1,unjustified_emendation,synonym,Myoxus cinerascens,Myoxus cinerascens,species,"Schinz, H.R. 1845. Systematisches Verzeichniss aller bis jetzt bekannten Säugethiere oder Synopsis Mammalium nach dem Cuvier'schen System. Zweiter Band. Jent und Gassmann, Solothurn, 574 pp.",NA,,Solothurn,electronic,80,https://books.google.com/books?id=yNwTAAAAQAAJ,,,,,,,,,,,,,,,Rodentia,Gliridae,Graphiurus,murinus,NA,"Myoxus cineraceus Rüppell, 1842 [100021535]",,,63333,1001515,Holden (2005) (information at https://hesperomys.com/a/8525),
100035779,Graphiurus murinus,murinus,Giebel,1855,0,name_combination,synonym,Graphiurus murinus,Graphiurus murinus,species,"Giebel, C.G. 1855. Die Säugethiere in zoologischer, anatomischer und palæontologischer Beziehung. Ambrosius Abel, Leipzig, 1108 pp.",NA,,Leipzig,electronic,626,https://www.biodiversitylibrary.org/item/163353,https://www.biodiversitylibrary.org/page/45548817,,,,,,,,,,,,,,Rodentia,Gliridae,Graphiurus,murinus,,"Myoxus murinus A. G. Desmarest, 1822 [100021532]",,,107533,1001515,"Giebel (1855:626, https://www.biodiversitylibrary.org/page/45548817) (information at https://hesperomys.com/a/38563) | Murray (1866:353, https://www.biodiversitylibrary.org/page/15580349) (information at https://hesperomys.com/a/39798) | Rochebrune (1883:109, https://www.biodiversitylibrary.org/page/26187562) (information at https://hesperomys.com/a/43667) | Pagenstecher (1885:44, https://www.biodiversitylibrary.org/page/7824497) (information at https://hesperomys.com/a/67738) | Bocage (1890:3, https://www.biodiversitylibrary.org/page/39321622) (information at https://hesperomys.com/a/68678) | Thomas (1898:934, https://www.biodiversitylibrary.org/page/30988175) (information at https://hesperomys.com/a/35378) | Thomas & Schwann (1906:582, https://www.biodiversitylibrary.org/page/31208301) (information at https://hesperomys.com/a/27129) | Wroughton (1907:17, https://www.biodiversitylibrary.org/page/34063323) (information at https://hesperomys.com/a/68769) | Roberts (1913:79, https://www.biodiversitylibrary.org/page/50439537) (information at https://hesperomys.com/a/17656) | Kershaw (1923:365, https://www.biodiversitylibrary.org/page/32989867) (information at https://hesperomys.com/a/17116) | Granvik (1924:24) (information at https://hesperomys.com/a/68174) | Setzer (1956:542, https://www.biodiversitylibrary.org/page/7489148) (information at https://hesperomys.com/a/5501) | Hayman (1963:121) (information at https://hesperomys.com/a/68592) | Eisentraut (1963:128) (information at https://hesperomys.com/a/68788) | Heim de Balsac & Bellier (1967:156) (information at https://hesperomys.com/a/58093) | Corbet & Hill (1980:186) (information at https://hesperomys.com/a/63069) | Honacki, Kinman & Koeppl (1982:561) (information at https://hesperomys.com/a/63071) | Gautun, Tranier & Sicard (1986:541) (information at https://hesperomys.com/a/69391) | Corbet & Hill (1991:197) (information at https://hesperomys.com/a/63070) | Holden (1993:764) (information at https://hesperomys.com/a/69027) | Yalden, Largen, Kock & Hillman (1996:128) (information at https://hesperomys.com/a/36072) | Holden (2005) (information at https://hesperomys.com/a/8525) | Happold (2013:124) (information at https://hesperomys.com/a/27625) | Wilson, Lacher & Mittermeier (2016:846) (information at https://hesperomys.com/a/59599) | Mammal Diversity Database (2018:ID #9487) (information at https://hesperomys.com/a/67336) | Mammal Diversity Database (2019:ID #9487) (information at https://hesperomys.com/a/67337) | Mammal Diversity Database (2024, https://www.mammaldiversity.org/taxon/1001515) (information at https://hesperomys.com/a/67250) | International Union for the Conservation of Nature (2024, https://www.iucnredlist.org/species/9487/115093727) (information at https://hesperomys.com/a/67246)",
100047490,Graphiurus murinus,murinus,Matschie,1895,1,name_combination,synonym,Eliomys murinus,Eliomys murinus,species,"Matschie, P. 1895. Die Säugthiere Deutsch-Ost-Afrikas. Geographische Verlagshandlung Dietrich Reimer, Berlin, 157 pp.",NA,,Berlin,electronic,43,https://www.biodiversitylibrary.org/item/51375,https://www.biodiversitylibrary.org/page/14835436,,,,,,,,,,,,,,Rodentia,Gliridae,Graphiurus,murinus,,"Myoxus murinus A. G. Desmarest, 1822 [100021532]",,,119618,1001515,"Matschie (1895:43, https://www.biodiversitylibrary.org/page/14835436) (information at https://hesperomys.com/a/67260)",
100021537,Graphiurus murinus,subrufus,O. R. Neumann,1900,1,available,synonym,Eliomys murinus subrufus,Eliomys murinus subrufus,subspecies,"Neumann, O.R. 1900. Die von mir in den Janren 1892—95 in Ost- und Central-Africa, speciell in den Massai-Ländern und den Ländern am Victoria Nyansa gesammelten nnd beobachteten Säugethiere. Zoologische Jahrbücher (Abtheilung für Systematik, Geographie und Biologie der Thiere)13(6):529-562.",NA,,Zoologische Jahrbücher,electronic,547,https://www.biodiversitylibrary.org/page/10197803,https://www.biodiversitylibrary.org/page/10197821,,,Tanga ... Mgera in Nguru,"""North-east coast of Tanzania at ""Tanga""."" (Hoffmann, Grubb, Groves, Hutterer, van der Straeten, Simmons & Bergmans, 2009) | ""Tanga, Tanganyika Territory."" (Moreau, Hopkins & Hayman, 1946)",,,,Tanzania,,,ZMB (number not known),holotype,,Rodentia,Gliridae,Graphiurus,murinus,NA,,,,63344,1001515,Holden (2005) (information at https://hesperomys.com/a/8525),
100021538,Graphiurus murinus,raptor,Dollman,1910,0,available,synonym,Graphiurus raptor,Graphiurus raptor,species,"Dollman, G. 1910-01-01. New African mammals. Annals and Magazine of Natural History (8)5(25):92-97.",NA,,Annals and Magazine of Natural History,electronic,96,https://www.biodiversitylibrary.org/page/16094511,https://www.biodiversitylibrary.org/page/16094515,,,"West slope of Mount Kenya, British East Africa. Altitude 11,000 feet.","""West slope of Mt. Kenya, Kenya Colony."" (Allen, 1939) | ""Western slope Mount Kenya, c.11000 ft. British East Africa."" (Natural History Museum, 2014)",,,,Kenya,,,BMNH:Mamm:1900.2.1.17,holotype,https://data.nhm.ac.uk/object/4c94b6c5-ffd2-4a40-9e5d-2c9556dbd3a0,Rodentia,Gliridae,Graphiurus,murinus,NA,,,,63340,1001515,Holden (2005) (information at https://hesperomys.com/a/8525),
100021539,Graphiurus murinus,saturatus,Dollman,1910,0,available,synonym,Graphiurus microtis saturatus,Graphiurus microtis saturatus,subspecies,"Dollman, G. 1910-02-01. Descriptions of new forms of _Cercopithecus_ and _Graphiurus_ from British East Africa. Annals and Magazine of Natural History (8)5(26):202-205.",NA,,Annals and Magazine of Natural History,electronic,204,https://www.biodiversitylibrary.org/page/16094623,https://www.biodiversitylibrary.org/page/16094625,,,"South face of Mount Elgon, British East Africa. Altitude 9000 feet.","""South face of Mt. Elgon, Kenya Colony, 9000 ft."" (Allen, 1939)",,,,Kenya,,,,holotype,,Rodentia,Gliridae,Graphiurus,murinus,NA,,,,63341,1001515,Holden (2005) (information at https://hesperomys.com/a/8525),
100021540,Graphiurus murinus,soleatus,O. Thomas & Wroughton,1910,0,available,synonym,Graphiurus soleatus,Graphiurus soleatus,species,"Thomas, O. and Wroughton, R.C. 1910-03. Ruwenzori Expedition reports. 17. Mammalia. Transactions of the Zoological Society of London 19(5):481-528.",NA,,Transactions of the Zoological Society of London,electronic,499,https://www.biodiversitylibrary.org/part/70131,https://www.biodiversitylibrary.org/page/31647715,,,"Mubuku Valley, E. Ruwenzori. 5000-6000 ft.","""Mubuku Valley, Ruwenzori East, 5000 ft. Uganda."" (Natural History Museum, 2014) | ""Mubuku Valley, Ruwenzori East, Uganda, 5-6000 ft."" (Allen, 1939)",,,,Uganda,,,BMNH:Mamm:1906.12.4.37,holotype,https://data.nhm.ac.uk/object/7515fa1c-5e49-463e-8447-f93d3882b221,Rodentia,Gliridae,Graphiurus,murinus,NA,,,,63343,1001515,Holden (2005) (information at https://hesperomys.com/a/8525),
100021541,Graphiurus murinus,isolatus,E. Heller,1912,0,available,synonym,Graphiurus murinus isolatus,Graphiurus murinus isolatus,subspecies,"Heller, E. 1912-07-05. New rodents from British East Africa. Smithsonian Miscellaneous Collections 59(16):1-20.",NA,,Smithsonian Miscellaneous Collections,electronic,3,https://www.biodiversitylibrary.org/part/71970,https://www.biodiversitylibrary.org/page/8814871,,,,"""Africa, Kenya, Coast Province ... Taita Mountains, summit Mount Umengo"" (Anonymous, 2018) | ""Mt. Umengo, Taita Mts., Kenya Colony, 5000 ft."" (Allen, 1939) | ""summit Mount Umengo, altitude 5,000 ft (1,524 m), Taita Mountains, [Coast Province], British East Africa (Kenya)"" (Fisher & Ludwig, 2012)",,,,Kenya,,,USNM:MAMM:181788,holotype,http://n2t.net/ark:/65665/3e7150ede-4c6c-4b88-b3a7-f7f78ec25184,Rodentia,Gliridae,Graphiurus,murinus,NA,,,,63337,1001515,Holden (2005) (information at https://hesperomys.com/a/8525),
100021542,Graphiurus murinus,johnstoni,E. Heller,1912,0,preoccupied,synonym,Graphiurus murinus johnstoni,Graphiurus murinus johnstoni,subspecies,"Heller, E. 1912-07-05. New rodents from British East Africa. Smithsonian Miscellaneous Collections 59(16):1-20.",NA,,Smithsonian Miscellaneous Collections,electronic,2,https://www.biodiversitylibrary.org/part/71970,https://www.biodiversitylibrary.org/page/8814870,,,,"""Africa, Kenya, Rift Valley ... Mount Gargues (Uaragess), summit, Mathews Range"" (Anonymous, 2018) | ""Mt. Gargues, Mathews Range, Kenya Colony."" (Allen, 1939) | ""summit Mount Gargues (Uaragess), Mathews Range, altitude 7,000 ft (2,134 m) 7,100 ft (2,164 m), [Rift Valley], British East Africa (Kenya)"" (Fisher & Ludwig, 2012)",,,,Kenya,,,USNM:MAMM:181787,holotype,http://n2t.net/ark:/65665/3438f1cba-de81-4b42-adc4-6d0b9fafa013,Rodentia,Gliridae,Graphiurus,murinus,NA,,"Graphiurus johnstoni O. Thomas, 1898 [100021498]",,63338,1001515,Holden (2005) (information at https://hesperomys.com/a/8525),
100021543,Graphiurus murinus,griseus,G. M. Allen,1912,0,available,synonym,Graphiurus microtis griseus,Graphiurus microtis griseus,subspecies,"Allen, G.M. 1912. New African rodents. Bulletin of the Museum of Comparative Zoology 54:439-447.",NA,,Bulletin of the Museum of Comparative Zoology,electronic,440,https://www.biodiversitylibrary.org/part/69074,https://www.biodiversitylibrary.org/page/30209303,,,,"""British East Africa ( = Kenya): northern Guaso Nyiro River ( = Ewaso Ngiro), 4,000 ft (1,220 m)"" (Helgen & McFadden, 2001) | ""Northern Guaso Nyiro, Kenya Colony."" (Allen, 1939)",,,,Kenya,,,MCZ:Mamm:8244,holotype,https://mczbase.mcz.harvard.edu/guid/MCZ:Mamm:8244,Rodentia,Gliridae,Graphiurus,murinus,NA,,,,63336,1001515,Holden (2005) (information at https://hesperomys.com/a/8525),
100050422,Graphiurus murinus,transvaalensis,A. Roberts,1913,0,nomen_nudum,synonym,Graphiurus murinus transvaalensis,Graphiurus murinus transvaalensis,subspecies,"Roberts, A. 1913. The collection of mammals in the Transvaal Museum registered up to the 31st March, 1913, with descriptions of new species. Annals of the Transvaal Museum 4(2):65-107.",NA,,Annals of the Transvaal Museum,electronic,103,https://www.biodiversitylibrary.org/part/358541,https://www.biodiversitylibrary.org/page/50439561,,,"Middelburg, Transvaal",,,,,,,,,,,Rodentia,Gliridae,Graphiurus,murinus,,,,,122888,1001515,"Roberts (1913:103, https://www.biodiversitylibrary.org/page/50439561) (information at https://hesperomys.com/a/17656)",
100054733,Graphiurus murinus,saturatus,Granvik,1924,0,name_combination,synonym,Graphiurus murinus saturatus,Graphiurus murinus saturatus,subspecies,"Granvik, H. 1924. On mammals from the eastern slopes of Mount Elgon, Kenya Colony. Mammals collected by the Swedish Mount Elgon Expedition 1920. Lunds Universitets Årsskrift (n.s.) (2)21(3):1-32.",NA,,Lunds Universitets Årsskrift,electronic,24,https://hdl.handle.net/2027/mdp.39015048913795?urlappend=%3Bseq=99%3Bownerid=13510798900615852-107,,,,,,,,,,,,,,,Rodentia,Gliridae,Graphiurus,murinus,,"Graphiurus microtis saturatus Dollman, 1910 [100021539]",,,128539,1001515,Granvik (1924:24) (information at https://hesperomys.com/a/68174),
100021544,Graphiurus murinus,vulcanicus,Lönnberg & Gyldenstolpe,1925,0,available,synonym,Graphiurus vulcanicus,Graphiurus vulcanicus,species,"Lönnberg, E. and Gyldenstolpe, N. 1925-09-23. Zoological Results of the Swedish Expedition to Central Africa 1921. Vertebrata. 3. Preliminary Diagnoses of four New Mammals. Arkiv för Zoologi (B)17(9):1-5.",NA,"""Arkiv for Zoologi, Stockholm 17B(9): 2"" (Meester, Rautenbach, Dippenaar & Baker, 1986)",Arkiv för Zoologi,electronic,2,https://hdl.handle.net/2027/mdp.39015068603516?urlappend=%3Bseq=589%3Bownerid=13510798887189179-595,,,,"Mt. Karissimbi, Birunga Volcanoes. 24/3 1921, alt 3900 m.","""Mount Karissimbi, Birunga Volcanoes, Zaire."" (Meester, Rautenbach, Dippenaar & Baker, 1986) | ""Mt. Karissimbi, Bii'unga Volcanoes, Congo Belge."" (Allen, 1939)",,,,Democratic Republic of the Congo,,,NHRM (number not known),holotype,,Rodentia,Gliridae,Graphiurus,murinus,NA,,,,63345,1001515,Lönnberg & Gyldenstolpe (1925:2) (information at https://hesperomys.com/a/69122) | Holden (2005) (information at https://hesperomys.com/a/8525),
100021545,Graphiurus murinus,alticola,A. Roberts,1929,1,available,synonym,Claviglis alticola,Claviglis alticola,species,"Roberts, A. 1929. New forms of African mammals. Annals of the Transvaal Museum 13(2):82-121.",NA,,Annals of the Transvaal Museum,electronic,98,https://hdl.handle.net/10520/AJA00411752_675,,,,"""Kastrol Nek"" (altitude 65oo ft.), Wakkerstroom","""""Kastrol Nek,"" Wakkerstroom, Transvaal, 6500 ft."" (Allen, 1939) | ""Kastrol Nek, 1981 m (6500 ft), Wakkerstroom, southeastern Transvaal."" (Meester, Rautenbach, Dippenaar & Baker, 1986)",,,,South Africa,Mpumalanga,,TM 2910,holotype,,Rodentia,Gliridae,Graphiurus,murinus,NA,,,,63331,1001515,Holden (2005) (information at https://hesperomys.com/a/8525),
100021546,Graphiurus murinus,zuluensis,A. Roberts,1931,1,available,synonym,Claviglis zuluensis,Claviglis zuluensis,species,"Roberts, A. 1931. New forms of South African mammals. Annals of the Transvaal Museum 14(3):221-236.",NA,,Annals of the Transvaal Museum,electronic,229,https://hdl.handle.net/10520/AJA00411752_633,,,,"Ubombo Bush, altitude about 1500 feet, North Zululand","""Ubombo Bush, 457 m (1500 ft), Lebombo Mountains, northern Zululand, Natal."" (Meester, Rautenbach, Dippenaar & Baker, 1986) | ""Ubombo Bush, northern Zululand, South Africa. Eliomys Wagner"" (Allen, 1939)",,,,South Africa,KwaZulu-Natal,,TM 5605,holotype,,Rodentia,Gliridae,Graphiurus,murinus,NA,,,,63346,1001515,Holden (2005) (information at https://hesperomys.com/a/8525),
100021547,Graphiurus murinus,collaris,G. M. Allen & Loveridge,1933,1,available,synonym,Claviglis soleatus collaris,Claviglis soleatus collaris,subspecies,"Allen, G.M. and Loveridge, A. 1933. Reports on the scientific results of an expedition to the southwestern highlands of Tanganyika Territory. II. Mammals. Bulletin of the Museum of Comparative Zoology 75:47-140.",NA,,Bulletin of the Museum of Comparative Zoology,electronic,122,https://www.biodiversitylibrary.org/part/12960,https://www.biodiversitylibrary.org/page/2806538,,,,"""Madehani, Ukinga Mts., north end of Lake Nyasa, Tanganyika Territory."" (Allen, 1939) | ""Tanganyika Territory (=Tanzania): (Iringa), north end Lake Nyasa, Uldnga Mountains, Madehani, 7,000 ft (2,135 m)"" (Helgen & McFadden, 2001)",,,,Tanzania,,,MCZ:Mamm:26373,holotype,https://mczbase.mcz.harvard.edu/guid/MCZ:Mamm:26373,Rodentia,Gliridae,Graphiurus,murinus,NA,,,,63334,1001515,Holden (2005) (information at https://hesperomys.com/a/8525),
100058756,Graphiurus murinus,murinus,Shortridge,1934,1,name_combination,synonym,Claviglis murinus,Claviglis murinus,species,"Shortridge, G.C. 1934. The Mammals of South West Africa. Volume I. William Heinemann, London, 437 pp.",NA,,London,electronic,220,,,,,,,,,,,,,,,,Rodentia,Gliridae,Graphiurus,murinus,NA,"Myoxus murinus A. G. Desmarest, 1822 [100021532]",,,134385,1001515,Shortridge (1934:220) (information at https://hesperomys.com/a/69309),
100021548,Graphiurus murinus,selindensis,A. Roberts,1937,1,available,synonym,Claviglis murinus selindensis,Claviglis murinus selindensis,subspecies,"Roberts, A. 1937. Description of some new subspecies of South African mammals. Annals of the Transvaal Museum 19(1):99-103.",NA,,Annals of the Transvaal Museum,electronic,100,https://hdl.handle.net/10520/AJA00411752_509,,,,"Mount Selinda, Southern Rhodesia","""Mount Selinda, Melsetter district, eastern Zimbabwe."" (Meester, Rautenbach, Dippenaar & Baker, 1986) | ""Mt. Selinda, Southern Rhodesia."" (Allen, 1939)",,,,Zimbabwe,,,TM 7746,holotype,,Rodentia,Gliridae,Graphiurus,murinus,NA,,,,63342,1001515,Holden (2005) (information at https://hesperomys.com/a/8525),
100021550,Graphiurus nagtglasii,nagtglasii,Jentink,1888,0,available,species,Graphiurus nagtglasii,Graphiurus nagtglasii,species,"Jentink, F.A. 1888. Zoological researches in Liberia. A list of mammals, collected by J. Büttikofer, C. F. Sala and F. X. Stampfli, with biological observations. Notes from the Leyden Museum 10:1-58.",NA,,Notes from the Leyden Museum,electronic,38,https://www.biodiversitylibrary.org/part/92412,https://www.biodiversitylibrary.org/page/9622326,,"Hill Town, Du Queah River, Liberia.",Du Queab River (Büttikofer and Stampfli); Farmington River (Stampfli).,"""DuQueah and Farmington Rivers, Liberia"" (Grubb, 2004) | ""Ghana"" (Naturalis, 2018) | ""Jentink (1888, and on his specimen labels) designated a series of five syntypes representing G. nagtglasii from Ghana and Liberia, and listed what are presumed to be the type localities as the Du Queah and Farmington rivers for the three Liberian specimens. As Rosevear (1969) noted, Jentink based his description on (and gave measurements for) an adult [M] in alcohol that he considered typical of the species."" (Happold, 2013) | ""Liberia"" (Naturalis, 2018) | ""Liberia ... Hill-town"" (Naturalis, 2018) | ""Liberia, DuQueah River, Hill Town (see Holden, In Press)."" (Holden, 2005) | ""Liberia, DuQueah and Farmington Rivers. Claviglis Jentink. Tree JDormice"" (Allen, 1939)",,,,Africa,Western Africa,,"RMNH.MAM.26631, RMNH.MAM.26632, RMNH.MAM.26633, RMNH.MAM.26634, RMNH.MAM.26635",syntypes,https://data.biodiversitydata.nl/naturalis/specimen/RMNH.MAM.26631.a | https://data.biodiversitydata.nl/naturalis/specimen/RMNH.MAM.26631.b | https://data.biodiversitydata.nl/naturalis/specimen/RMNH.MAM.26632 | https://data.biodiversitydata.nl/naturalis/specimen/RMNH.MAM.26633 | https://data.biodiversitydata.nl/naturalis/specimen/RMNH.MAM.26634 | https://data.biodiversitydata.nl/naturalis/specimen/RMNH.MAM.26635.a | https://data.biodiversitydata.nl/naturalis/specimen/RMNH.MAM.26635.b,Rodentia,Gliridae,Graphiurus,nagtglasii,NA,,,,63347,1001516,"Holden (2005) (information at https://hesperomys.com/a/8525) | Happold (2013:126) (information at https://hesperomys.com/a/27625) | Wilson, Lacher & Mittermeier (2016:840) (information at https://hesperomys.com/a/59599) | Mammal Diversity Database (2018:ID #44916) (information at https://hesperomys.com/a/67336) | Mammal Diversity Database (2019:ID #44916) (information at https://hesperomys.com/a/67337) | Mammal Diversity Database (2024, https://www.mammaldiversity.org/taxon/1001516) (information at https://hesperomys.com/a/67250) | International Union for the Conservation of Nature (2024, https://www.iucnredlist.org/species/44916/115201432) (information at https://hesperomys.com/a/67246)",
100059828,Graphiurus nagtglasii,nagtglasii,G. S. Miller,1900,1,name_combination,synonym,Eliomys nagtglasii,Eliomys nagtglasii,species,"Miller, G.S., Jr. 1900-12-28. A collection of small mammals from Mount Coffee, Liberia. Proceedings of the Washington Academy of Sciences 2:631-649.",NA,,Proceedings of the Washington Academy of Sciences,electronic,634,https://www.biodiversitylibrary.org/part/5677,https://www.biodiversitylibrary.org/page/8872710,,,,,,,,,,,,,,Rodentia,Gliridae,Graphiurus,nagtglasii,NA,"Graphiurus nagtglasii Jentink, 1888 [100021550]",,,136023,1001516,"Miller (1900:634, https://www.biodiversitylibrary.org/page/8872710) (information at https://hesperomys.com/a/17064)",
100057183,Graphiurus nagtglasii,nagtglasii,G. M. Allen & Coolidge,1930,1,name_combination,synonym,Claviglis nagtglasii,Claviglis nagtglasii,species,"Allen, G.M. and Coolidge, H.J., Jr. 1930. Mammals of Liberia. Pp. 569–622 in Strong, R.P. (eds.). The African Republic of Liberia and the Belgian Congo. Based on the observations made and material collected during the Harvard African Expedition, 1926-1927. Volume II. Harvard University Press, Cambridge (Massachusetts), 569-1067 pp.",NA,,Cambridge (Massachusetts),electronic,595,https://www.biodiversitylibrary.org/page/61248253,https://www.biodiversitylibrary.org/page/61248227,,,,,,,,,,,,,,Rodentia,Gliridae,Graphiurus,nagtglasii,,"Graphiurus nagtglasii Jentink, 1888 [100021550]",,,132528,1001516,"Allen & Coolidge (1930:595, https://www.biodiversitylibrary.org/page/61248227) (information at https://hesperomys.com/a/68614)",
100021551,Graphiurus nagtglasii,argenteus,G. M. Allen,1936,1,available,synonym,Aethoglis hueti argenteus,Aethoglis hueti argenteus,subspecies,"Allen, G.M. 1936-08-14. A new genus and a new subspecies of African dormouse. Journal of Mammalogy 17(3):292-293.",NA,,Journal of Mammalogy,electronic,293,,,,,"Lolodorf, Cameroons, Africa","""Cameroons ( = Cameroon): (Kribi), Lolodorf"" (Helgen & McFadden, 2001) | ""Lolodorf, Cameroons."" (Allen, 1939)",,,,Cameroon,,,MCZ:Mamm:17920,holotype,https://mczbase.mcz.harvard.edu/guid/MCZ:Mamm:17920,Rodentia,Gliridae,Graphiurus,nagtglasii,NA,,,,63348,1001516,Holden (2005) (information at https://hesperomys.com/a/8525),
100055502,Graphiurus nagtglasii,nagtglasii,Heim de Balsac & Bellier,1967,0,name_combination,synonym,Graphiurus hueti nagtglasii,Graphiurus hueti nagtglasii,subspecies,"Heim de Balsac, H. and Bellier, L. 1967. Liste préliminaire des rongeurs de Lamto (Côte-d'Ivoire). Mammalia 31(1):156-159.",NA,,Mammalia,electronic,156,https://doi.org/10.1515/mamm.1967.31.1.156,,,,,,,,,,,,,,,Rodentia,Gliridae,Graphiurus,nagtglasii,,"Graphiurus nagtglasii Jentink, 1888 [100021550]",,,130181,1001516,Heim de Balsac & Bellier (1967:156) (information at https://hesperomys.com/a/58093),
100021552,Graphiurus ocularis,ocularis,A. Smith,1829,1,available,species,Sciurus ocularis,Sciurus ocularis,species,"Smith, A. 1829-05. Contributions to the natural history of South Africa. Zoological Journal 4(16):433-444.",NA,,Zoological Journal,electronic,439,https://www.biodiversitylibrary.org/part/39018,https://www.biodiversitylibrary.org/page/2310848,,"near Plettenberg Bay, western Cape Province, South Africa.",in a hollow tree near Plettenberg's Bay.,"""Near Plettenberg Bay, east of Knysna, southern Cape Province."" (Meester, Rautenbach, Dippenaar & Baker, 1986) | ""Near Plettenberg's Bay, Cape of Good Hope."" (Allen, 1939) | ""South Africa, Cape Prov., Plattenberg Bay (east of Knysna)."" (Honacki, Kinman & Koeppl, 1982) | ""South Africa, Western Cape Prov., near Plettenberg Bay"" (Holden, 2005)",,,,South Africa,Western Cape,,,,,Rodentia,Gliridae,Graphiurus,ocularis,NA,,,,63350,1001517,,
100021553,Graphiurus ocularis,capensis,F. Cuvier in É. Geoffroy Saint-Hilaire & F. Cuvier,1829,1,not_published_with_a_generic_name,synonym,Capensis,Graphiure capensis,species,"Geoffroy Saint-Hilaire, É. and Cuvier, F. 1829-09. Livraison 60. in Geoffroy Saint-Hilaire, É. and Cuvier, F. 1818-1842. Histoire naturelle des mammifères, avec figures originales, coloriées, dessinées d'après des animaux vivants. Blaise, Paris.",NA,,Paris,reference,pl. 60 p. 2,https://www.biodiversitylibrary.org/bibliography/78766,https://www.biodiversitylibrary.org/page/53183061,,,du cap de Bonne-Espérance,"""Cap"" (Reuvens, 1890)",,,,South Africa,,,,,,Rodentia,Gliridae,Graphiurus,ocularis,NA,,,,63351,1001517,Holden (2005) (information at https://hesperomys.com/a/8525),
100031373,Graphiurus ocularis,capensis,Smuts,1832,0,available,synonym,Graphiurus capensis,Graphiurus capensis,species,"Smuts, J. 1832. Dissertatio zoologica, enumerationem mammalium capensium continens. J. C. Cyfveer, Leiden, 108 pp.",NA,,Leiden,electronic,32,https://www.biodiversitylibrary.org/item/137910,https://www.biodiversitylibrary.org/page/43088705,,,"[None given, but the book is an ccount of the mammals of the Cape]","""Cape of Good Hope (Roberts 1951: 368)."" (Meester, Rautenbach, Dippenaar & Baker, 1986)",,,,South Africa,Western Cape,,,,,Rodentia,Gliridae,Graphiurus,ocularis,,,,,77444,1001517,"Smuts (1832:32, https://www.biodiversitylibrary.org/page/43088705) (information at https://hesperomys.com/a/60235) | Wagner (1840:185, https://www.biodiversitylibrary.org/page/11357231) (information at https://hesperomys.com/a/69196) | Cuvier (1842:4, https://www.biodiversitylibrary.org/page/44518527) (information at https://hesperomys.com/a/60227) | Lesson (1842:133) (information at https://hesperomys.com/a/36812) | Smith (1843:pl. 39, https://www.biodiversitylibrary.org/page/51577861) (information at https://hesperomys.com/a/67652) | Giebel (1855:625, https://www.biodiversitylibrary.org/page/45548816) (information at https://hesperomys.com/a/38563) | Blainville (1855:10, https://www.biodiversitylibrary.org/page/57986931) (information at https://hesperomys.com/a/37133) | Murray (1866:353, https://www.biodiversitylibrary.org/page/15580349) (information at https://hesperomys.com/a/39798) | Sclater (1872:68, https://www.biodiversitylibrary.org/page/17037845) (information at https://hesperomys.com/a/61617) | Rochebrune (1883:110, https://www.biodiversitylibrary.org/page/26187563) (information at https://hesperomys.com/a/43667)",
100021554,Graphiurus ocularis,typicus,A. Smith,1834,0,available,synonym,Graphiurus typicus,Graphiurus typicus,species,"Smith, A. 1834. African Zoology. South African Quarterly Journal (2)2(2):145-160.",NA,,South African Quarterly Journal,electronic,145,https://www.biodiversitylibrary.org/page/15968263,https://www.biodiversitylibrary.org/page/15968263,,,"South Africa,—in the forests about the Knysna","""Forests about Knysna, South Africa."" (Allen, 1939) | ""Renaming of ocularis A. Smith."" (Meester, Rautenbach, Dippenaar & Baker, 1986)",,,,South Africa,Western Cape,,,,,Rodentia,Gliridae,Graphiurus,ocularis,NA,,,,63353,1001517,Holden (2005) (information at https://hesperomys.com/a/8525),
100021555,Graphiurus ocularis,elegans,W. Ogilby,1838,0,available,synonym,Graphiurus elegans,Graphiurus elegans,species,"Ogilby, W. 1838-07. A selection of the Mammalia procured by Captain Alexander during his recent journey into the country of the Damaras, on the South West Coast of Africa, was exhibited, and Mr. Ogilby directed the attention of the Society to the new and rare species which it contained. Proceedings of the Zoological Society of London 1838(61):5-6.",NA,,Proceedings of the Zoological Society of London,electronic,5,https://www.biodiversitylibrary.org/page/30571062,https://www.biodiversitylibrary.org/page/30571062,,,"the country of the Damaras, on the South West Coast of Africa","""? Cape of Good Hope (see Thomas, O., Proc. Zool. Soc. London, p. 298, 29 Apl. 1926)."" (Allen, 1939) | ""Described from Damaraland, but possibly originates from the Cape Province (Ellerman et al. 1953: 259). See also comments on Chrysochloris damarensis Ogilby, and Macroscelides melanotis Ogilby, from the same collection, and described at the same time, purportedly from Damaraland, but more likely from the Cape Province. Subgenus CLA VIGUS Jentink, 1888"" (Meester, Rautenbach, Dippenaar & Baker, 1986)",,,,South Africa,Northern Cape,,,,,Rodentia,Gliridae,Graphiurus,ocularis,NA,,,,63352,1001517,Lesson (1842:133) (information at https://hesperomys.com/a/36812) | Holden (2005) (information at https://hesperomys.com/a/8525),
100055822,Graphiurus ocularis,ocularis,A. Murray,1866,1,name_combination,synonym,Xerus ocularis,Xerus ocularis,species,"Murray, A. 1866. The Geographical Distribution of Mammals. Day and Son, London, 420 pp.",NA,,London,electronic,353,https://www.biodiversitylibrary.org/item/53245,https://www.biodiversitylibrary.org/page/15580349,,,,,,,,,,,,,,Rodentia,Gliridae,Graphiurus,ocularis,,"Sciurus ocularis A. Smith, 1829 [100021552]",,,130594,1001517,"Murray (1866:353, https://www.biodiversitylibrary.org/page/15580349) (information at https://hesperomys.com/a/39798)",
100056852,Graphiurus ocularis,capensis,du Bocage,1882,1,name_combination,synonym,Myoxus capensis,Myoxus capensis,species,"Bocage, J.V.B. du. 1882. Liste des mammifères envoyés de Caconda ""Angola"" par M. d'Anchieta. Jornal de sciencias mathematicas, physicas e naturaes 9(23):25-29.",NA,,"Jornal de sciencias mathematicas, physicas e naturaes",electronic,25,https://www.biodiversitylibrary.org/part/55584,https://www.biodiversitylibrary.org/page/16211308,,,,,,,,,,,,,,Rodentia,Gliridae,Graphiurus,ocularis,,"Graphiurus capensis Smuts, 1832 [100031373]",,,132192,1001517,"Bocage (1882:25, https://www.biodiversitylibrary.org/page/16211308) (information at https://hesperomys.com/a/68546)",
100058752,Graphiurus ocularis,elegans,Shortridge,1934,0,name_combination,synonym,Graphiurus ocularis elegans,Graphiurus ocularis elegans,subspecies,"Shortridge, G.C. 1934. The Mammals of South West Africa. Volume I. William Heinemann, London, 437 pp.",NA,,London,electronic,216,,,,,,,,,,,,,,,,Rodentia,Gliridae,Graphiurus,ocularis,NA,"Graphiurus elegans W. Ogilby, 1838 [100021555]",,,134381,1001517,Shortridge (1934:216) (information at https://hesperomys.com/a/69309),
100035780,Graphiurus ocularis,ocularis,Shortridge,1934,0,name_combination,synonym,Graphiurus ocularis,Graphiurus ocularis,species,"Shortridge, G.C. 1934. The Mammals of South West Africa. Volume I. William Heinemann, London, 437 pp.",NA,,London,electronic,216,,,,,,,,,,,,,,,,Rodentia,Gliridae,Graphiurus,ocularis,,"Sciurus ocularis A. Smith, 1829 [100021552]",,,107534,1001517,"Shortridge (1934:216) (information at https://hesperomys.com/a/69309) | Shortridge (1942:51, 88, https://www.biodiversitylibrary.org/page/40888968, https://www.biodiversitylibrary.org/page/40889005) (information at https://hesperomys.com/a/48770) | Shortridge (1942:88) (information at https://hesperomys.com/a/48770) | Corbet & Hill (1980:186) (information at https://hesperomys.com/a/63069) | Honacki, Kinman & Koeppl (1982:561) (information at https://hesperomys.com/a/63071) | Corbet & Hill (1991:197) (information at https://hesperomys.com/a/63070) | Holden (1993:765) (information at https://hesperomys.com/a/69027) | Holden (2005) (information at https://hesperomys.com/a/8525) | Happold (2013:128) (information at https://hesperomys.com/a/27625) | Wilson, Lacher & Mittermeier (2016:847) (information at https://hesperomys.com/a/59599) | Mammal Diversity Database (2018:ID #9488) (information at https://hesperomys.com/a/67336) | Mammal Diversity Database (2019:ID #9488) (information at https://hesperomys.com/a/67337) | Mammal Diversity Database (2024, https://www.mammaldiversity.org/taxon/1001517) (information at https://hesperomys.com/a/67250) | International Union for the Conservation of Nature (2024, https://www.iucnredlist.org/species/9488/115518531) (information at https://hesperomys.com/a/67246)",
100056692,Graphiurus ocularis,ocularis,Shortridge,1934,0,name_combination,synonym,Graphiurus ocularis ocularis,Graphiurus ocularis ocularis,subspecies,"Shortridge, G.C. 1934. The Mammals of South West Africa. Volume I. William Heinemann, London, 437 pp.",NA,,London,electronic,216,,,,,,,,,,,,,,,,Rodentia,Gliridae,Graphiurus,ocularis,,"Sciurus ocularis A. Smith, 1829 [100021552]",,,132020,1001517,"Shortridge (1934:216) (information at https://hesperomys.com/a/69309) | Shortridge (1942:51, 88, https://www.biodiversitylibrary.org/page/40888968, https://www.biodiversitylibrary.org/page/40889005) (information at https://hesperomys.com/a/48770) | Shortridge (1942:88) (information at https://hesperomys.com/a/48770)",
100021556,Graphiurus platyops,platyops,O. Thomas,1897,0,available,species,Graphiurus platyops,Graphiurus platyops,species,"Thomas, O. 1897-04-01. On a new dormouse from Mashunaland. Annals and Magazine of Natural History (6)19(112):388-389.",NA,,Annals and Magazine of Natural History,electronic,388,https://www.biodiversitylibrary.org/page/19267868,https://www.biodiversitylibrary.org/page/19267868,,"Enkeldorn, Mashonaland, southern Zimbabwe.","Enkeldorn, Mashunaland","""Enkeldoorn, Mashonaland, Zimbabwe."" (Meester, Rautenbach, Dippenaar & Baker, 1986) | ""Enkeldorn, Mashonaland, 4000 ft. Rhodesia, [S]. [brackets original]"" (Natural History Museum, 2014) | ""Enkeldorn, Mashonaland, Southern Rhodesia."" (Allen, 1939) | ""S Zimbabwe, Mashonaland, Enkeldorn"" (Holden, 2005) | ""S. Zimbabwe, Mashonaland, Enkeldorn."" (Honacki, Kinman & Koeppl, 1982)",,,,Zimbabwe,,,BMNH:Mamm:1897.2.16.2,holotype,https://data.nhm.ac.uk/object/bc02178d-7602-4121-bea9-3e153c0f3565,Rodentia,Gliridae,Graphiurus,platyops,NA,,,,63356,1001518,"Hayman (1963:122) (information at https://hesperomys.com/a/68592) | Corbet & Hill (1980:186) (information at https://hesperomys.com/a/63069) | Honacki, Kinman & Koeppl (1982:561, 562) (information at https://hesperomys.com/a/63071) | Corbet & Hill (1991:197) (information at https://hesperomys.com/a/63070) | Holden (1993:765) (information at https://hesperomys.com/a/69027) | Holden (2005) (information at https://hesperomys.com/a/8525) | Happold (2013:130) (information at https://hesperomys.com/a/27625) | Wilson, Lacher & Mittermeier (2016:848) (information at https://hesperomys.com/a/59599) | Mammal Diversity Database (2018:ID #9491) (information at https://hesperomys.com/a/67336) | Mammal Diversity Database (2019:ID #9491) (information at https://hesperomys.com/a/67337) | Mammal Diversity Database (2024, https://www.mammaldiversity.org/taxon/1001518) (information at https://hesperomys.com/a/67250) | International Union for the Conservation of Nature (2024, https://www.iucnredlist.org/species/9491/115093934) (information at https://hesperomys.com/a/67246)",
100021557,Graphiurus platyops,eastwoodae,A. Roberts,1913,0,available,synonym,Graphiurus Eastwoodae,Graphiurus eastwoodae,species,"Roberts, A. 1913. The collection of mammals in the Transvaal Museum registered up to the 31st March, 1913, with descriptions of new species. Annals of the Transvaal Museum 4(2):65-107.",NA,,Annals of the Transvaal Museum,electronic,80,https://www.biodiversitylibrary.org/part/358541,https://www.biodiversitylibrary.org/page/50439538,,,"Woodbush, Transvaal","""Woodbush, Transvaal. Probably a race of (?. ocularis."" (Allen, 1939) | ""Woodbush, eastern Transvaal."" (Meester, Rautenbach, Dippenaar & Baker, 1986)",,,,South Africa,Limpopo,,,holotype,,Rodentia,Gliridae,Graphiurus,platyops,NA,,,,63357,1001518,"Roberts (1913:80, https://www.biodiversitylibrary.org/page/50439538) (information at https://hesperomys.com/a/17656) | Holden (2005) (information at https://hesperomys.com/a/8525)",
100021558,Graphiurus platyops,jordani,A. Roberts,1929,1,available,synonym,Gliriscus angolensis jordani,Gliriscus angolensis jordani,subspecies,"Roberts, A. 1929. New forms of African mammals. Annals of the Transvaal Museum 13(2):82-121.",NA,,Annals of the Transvaal Museum,electronic,95,https://hdl.handle.net/10520/AJA00411752_675,,,,"Isoka, Northern Rhodesia","""Isoka, Northern Rhodesia."" (Allen, 1939)",,,,Zambia,,,,holotype,,Rodentia,Gliridae,Graphiurus,platyops,NA,,,,63358,1001518,Holden (2005) (information at https://hesperomys.com/a/8525),
100021559,Graphiurus rupicola,montosus,O. Thomas & Hinton,1925,1,available,synonym,Gliriscus rupicola montosus,Gliriscus rupicola montosus,subspecies,"Thomas, O. and Hinton, M.A.C. 1925-04-03. On mammals collected in 1923 by Captain. G. C. Shortridge during the Percy Sladen and Kaffrarian Museum Expedition to South-West Africa. Proceedings of the Zoological Society of London 1925(1):221-246.",NA,,Proceedings of the Zoological Society of London,electronic,233,https://doi.org/10.1111/j.1096-3642.1925.tb03348.x,,,,Great Brukaros Mountain,"""Great Brukaros Mountain, Southwest Africa, 36005000 ft. Graphiurus Smuts. Cape Dormice"" (Allen, 1939) | ""Great Brukkaros Mountain, 1097-1524 m (3600-5000 ft), near Berseba, central Great Namaqualand, Namibia."" (Meester, Rautenbach, Dippenaar & Baker, 1986)",,,,Namibia,,,BMNH:Mamm:1925.1.2.74,holotype,,Rodentia,Gliridae,Graphiurus,rupicola,NA,,,,63362,1001519,Shortridge (1934:223) (information at https://hesperomys.com/a/69309) | Holden (2005) (information at https://hesperomys.com/a/8525),
100021560,Graphiurus rupicola,rupicola,O. Thomas & Hinton,1925,1,available,species,Gliriscus rupicola,Gliriscus rupicola,species,"Thomas, O. and Hinton, M.A.C. 1925-04-03. On mammals collected in 1923 by Captain. G. C. Shortridge during the Percy Sladen and Kaffrarian Museum Expedition to South-West Africa. Proceedings of the Zoological Society of London 1925(1):221-246.",NA,,Proceedings of the Zoological Society of London,electronic,232,https://doi.org/10.1111/j.1096-3642.1925.tb03348.x,,,"Karibib, west-central Namibia, 3842 feet (1170 m).",Inland highland region of S.W. Africa. Type series from Karibib.,"""Karibib, 1171 m (3842 ft), northwest of Windhoek, central Namibia."" (Meester, Rautenbach, Dippenaar & Baker, 1986) | ""Karibib, inland highlands , 3842 ft. South West Africa."" (Natural History Museum, 2014) | ""Karibib, inland highlands of Southwest Africa, 3842 ft."" (Allen, 1939) | ""Namibia, Karibib, 3842 ft. (1171 m)"" (Holden, 2005)",,,,Namibia,,,BMNH:Mamm:1925.1.2.71,holotype,https://data.nhm.ac.uk/object/15f32e4a-95df-4212-b0b0-ca17907c49ae,Rodentia,Gliridae,Graphiurus,rupicola,NA,,,,63359,1001519,"Shortridge (1934:223) (information at https://hesperomys.com/a/69309) | Shortridge (1942:50, https://www.biodiversitylibrary.org/page/40888967) (information at https://hesperomys.com/a/48770)",
100058757,Graphiurus rupicola,rupicola,Shortridge,1934,1,name_combination,synonym,Gliriscus rupicola rupicola,Gliriscus rupicola rupicola,subspecies,"Shortridge, G.C. 1934. The Mammals of South West Africa. Volume I. William Heinemann, London, 437 pp.",NA,,London,electronic,223,,,,,,,,,,,,,,,,Rodentia,Gliridae,Graphiurus,rupicola,NA,"Gliriscus rupicola O. Thomas & Hinton, 1925 [100021560]",,,134386,1001519,Shortridge (1934:223) (information at https://hesperomys.com/a/69309),
100021561,Graphiurus rupicola,kaokoensis,A. Roberts,1938,1,available,synonym,Gliriscus kaokoensis,Gliriscus kaokoensis,species,"Roberts, A. 1938. Descriptions of new forms of mammals. Annals of the Transvaal Museum 19(2):231-245.",NA,,Annals of the Transvaal Museum,electronic,237,https://hdl.handle.net/10520/AJA00411752_502,,,,"Kamanjab, Kaokoveld, South-West Africa","""Kamanjab, Kaokoveld, northern Namibia."" (Meester, Rautenbach, Dippenaar & Baker, 1986)",,,,Namibia,,,TM 8018,holotype,,Rodentia,Gliridae,Graphiurus,rupicola,NA,,,,63361,1001519,Holden (2005) (information at https://hesperomys.com/a/8525),
100021562,Graphiurus rupicola,australis,Shortridge & T. D. Carter,1938,1,available,synonym,Gliriscus rupicola australis,Gliriscus rupicola australis,subspecies,"Shortridge, G.C. and Carter, T.D. 1938-07. A new genus and new species and subspecies of mammals from Little Namaqualand and the North-West Cape province; and a new subspecies of _Gerbillus paeba_ from the Eastern Cape Province. Annals of the South African Museum 32(4):281-291.",NA,,Annals of the South African Museum,electronic,286,https://www.biodiversitylibrary.org/part/76450,https://www.biodiversitylibrary.org/page/40891087,,,"Eenriet, Little Namaqualand","""Eenriet, about 1006 m (3300 ft), I I km north ofSteinkopf, Little Namaqualand."" (Meester, Rautenbach, Dippenaar & Baker, 1986)",,,,South Africa,Northern Cape,,KM (number not known),holotype,,Rodentia,Gliridae,Graphiurus,rupicola,NA,,,,63360,1001519,"Shortridge (1942:50, https://www.biodiversitylibrary.org/page/40888967) (information at https://hesperomys.com/a/48770) | Holden (2005) (information at https://hesperomys.com/a/8525)",
100041091,Graphiurus rupicola,rupicola,Holden,1993,0,name_combination,synonym,Graphiurus rupicola,Graphiurus rupicola,species,"Holden, M.E. 1993. Family Myoxidae. Pp. 763–770 in Wilson, D.E. and Reeder, D.M. (eds.). Mammal Species of the World: A Taxonomic and Geographic Reference. Second edition. Smithsonian Institution Press, Washington, 1206 pp.",NA,,Washington,electronic,765,,,,,,,,,,,,,,,,Rodentia,Gliridae,Graphiurus,rupicola,,"Gliriscus rupicola O. Thomas & Hinton, 1925 [100021560]",,,112859,1001519,"Holden (1993:765) (information at https://hesperomys.com/a/69027) | Holden (2005) (information at https://hesperomys.com/a/8525) | Happold (2013:131) (information at https://hesperomys.com/a/27625) | Wilson, Lacher & Mittermeier (2016:849) (information at https://hesperomys.com/a/59599) | Mammal Diversity Database (2018:ID #9492) (information at https://hesperomys.com/a/67336) | Mammal Diversity Database (2019:ID #9492) (information at https://hesperomys.com/a/67337) | Mammal Diversity Database (2024, https://www.mammaldiversity.org/taxon/1001519) (information at https://hesperomys.com/a/67250) | International Union for the Conservation of Nature (2024, https://www.iucnredlist.org/species/9492/22220235) (information at https://hesperomys.com/a/67246)",
100021563,Graphiurus surdus,surdus,Dollman,1912,0,available,species,Graphiurus surdus,Graphiurus surdus,species,"Dollman, G. 1912-03-01. Seven new African dormice. Annals and Magazine of Natural History (8)9(51):312-320.",NA,,Annals and Magazine of Natural History,electronic,314,https://www.biodiversitylibrary.org/page/18639069,https://www.biodiversitylibrary.org/page/18639071,,"Benito River, Rio Muni Province, western Equatorial Guinea.","Benito River, French Congo","""Benito River, French Congo."" (Allen, 1939) | ""Benito River. French Congo. Spanish Guinea."" (Natural History Museum, 2014) | ""Equatorial Guinea, Rio Muni, Benito River"" (Holden, 2005) | ""Should read ""Benito River, Spanish Guinea."""" (Moreau, Hopkins & Hayman, 1946)",,,,Equatorial Guinea,Río Muni,,BMNH:Mamm:1900.2.5.55,holotype,https://data.nhm.ac.uk/object/ba7a7c71-fbc5-4dee-be47-c00585bc2fd1,Rodentia,Gliridae,Graphiurus,surdus,NA,,,,63363,1001520,"Holden (1993:765) (information at https://hesperomys.com/a/69027) | Holden (2005) (information at https://hesperomys.com/a/8525) | Happold (2013:133) (information at https://hesperomys.com/a/27625) | Wilson, Lacher & Mittermeier (2016:849) (information at https://hesperomys.com/a/59599) | Mammal Diversity Database (2018:ID #9493) (information at https://hesperomys.com/a/67336) | Mammal Diversity Database (2019:ID #9493) (information at https://hesperomys.com/a/67337) | Mammal Diversity Database (2024, https://www.mammaldiversity.org/taxon/1001520) (information at https://hesperomys.com/a/67250) | International Union for the Conservation of Nature (2024, https://www.iucnredlist.org/species/9493/115094075) (information at https://hesperomys.com/a/67246)",
100021564,Graphiurus surdus,schwabi,G. M. Allen,1912,0,available,synonym,Graphiurus schwabi,Graphiurus schwabi,species,"Allen, G.M. 1912. New African rodents. Bulletin of the Museum of Comparative Zoology 54:439-447.",NA,,Bulletin of the Museum of Comparative Zoology,electronic,441,https://www.biodiversitylibrary.org/part/69074,https://www.biodiversitylibrary.org/page/30209304,,,,"""Cameroun ( = Cameroon), Kribi."" (Helgen & McFadden, 2001) | ""Kribi, Cameroons."" (Allen, 1939)",,,,Cameroon,,,MCZ:Mamm:8607,holotype,https://mczbase.mcz.harvard.edu/guid/MCZ:Mamm:8607,Rodentia,Gliridae,Graphiurus,surdus,NA,,,,63364,1001520,Holden (2005) (information at https://hesperomys.com/a/8525),
100021565,Graphiurus walterverheyeni,walterverheyeni,Holden & Levine,2009,0,available,species,Graphiurus walterverheyeni,Graphiurus walterverheyeni,species,"Holden, M.E. and Levine, R.S. 2009-12-15. Systematic revision of Sub-Saharan African dormice (Rodentia: Gliridae: _Graphiurus_). Part II: Description of a new species of _Graphiurus_ from the central Congo Basin, including morphological and ecological niche comparisons with _G. crassicaudatus_ and _G. lorraineus_. Bulletin of the American Museum of Natural History 331:314-355.",NA,,Bulletin of the American Museum of Natural History,electronic,341,https://doi.org/10.1206/582-9.1,,,"River Lukenie (Meridian 22.30 E), 500 meters, western DR Congo.","The type locality, noted on the specimen tag by Fraser, is ""River Lukenie (Meridian 22.30E), 500 meters,"" with the additional annotation that the dormouse was ""caught close to the river."" No village name was given for a point of reference; the coordinates are approximated to be 03*30'S, 22*30'E (fig. 2). The Lukenie River flows westward to its confluence with the waters draining Lac Mai-Ndombe; after this junction the river is known as the Fimi, which later joins the Kasai River; together these form the westward flowing Kwa River, one of the large tributaries of the Congo River.","""Lukenie River, RDCongo, 3.30 S – 22.30 E"" (Wendelen, 2016)",,-3.5,22.5,Democratic Republic of the Congo,,,BMNH:Mamm:1927.3.1.35,holotype,,Rodentia,Gliridae,Graphiurus,walterverheyeni,NA,,,,63365,1001521,"Wilson, Lacher & Mittermeier (2016:841) (information at https://hesperomys.com/a/59599) | Mammal Diversity Database (2018:ID #100000117) (information at https://hesperomys.com/a/67336) | Mammal Diversity Database (2019:ID #100000117) (information at https://hesperomys.com/a/67337) | Mammal Diversity Database (2024, https://www.mammaldiversity.org/taxon/1001521) (information at https://hesperomys.com/a/67250) | International Union for the Conservation of Nature (2024, https://www.iucnredlist.org/species/112387339/166620045) (information at https://hesperomys.com/a/67246)",
100028761,incertae_sedis incertae_sedis,cattoirii,J. B. Fischer,1829,0,available,nomen_dubium,Myoxus Cattoirii,Myoxus cattoirii,species,"Fischer, J.B. 1829. [Main body of work]. Pp. 1–527 in Fischer, J.B. 1829-1830. Synopsis Mammalium. J.G. Cotta, Stuttgart, 752 pp.",NA,,Stuttgart,electronic,310,https://books.google.com/books?id=X31EAQAAMAAJ,,,,In Senegalia,"""Senegal (based on Autre loir of F. Cuvier, Diet, des Sci. Nat., 27: 124, 1823, collected by Cattoir) . Gliriscus Thomas and Hinton. Rock Dormice"" (Allen, 1939)",,,,Senegal,,,,,,Rodentia,Gliridae,incertae_sedis,incertae_sedis,,,,,77141,,Fischer (1829:310) (information at https://hesperomys.com/a/59856),
100032327,incertae_sedis incertae_sedis,mollissimus,Dehne,1855,0,available,nomen_dubium,Musculus mollissimus,Musculus mollissimus,species,,Deutsche Nat. Zeitschr. Dresden 1:443,"""Allgem. Deutsche Nat. Zeitschr. Dresden, 1: 443"" (Ellerman & Morrison-Scott, 1966)",Allgemeine deutsche naturhistorische Zeitung,,443,,https://www.biodiversitylibrary.org/page/7210165,,,,"""Monte Pollino, Basilicata, Italy."" (Ellerman & Morrison-Scott, 1966)",,,,Italy,Basilicata,,,,,Rodentia,Gliridae,incertae_sedis,incertae_sedis,,,,,54095,,,
100021566,Muscardinus avellanarius,avellanarius,Linnaeus,1758,1,available,species,Mus avellanarius,Mus avellanarius,species,"Linnaeus, C. 1758-01-01. Systema naturæ per regna tria naturæ, secundum classes, ordines, genera, species, cum characteribus, differentiis, synonymis, locis. Tomus I. Editio decima, reformata. Laurentii Salvii, Stockholm, 823 pp.",NA,,Stockholm,electronic,62,https://www.biodiversitylibrary.org/item/80764,https://www.biodiversitylibrary.org/page/25033873,,Sweden.,Habitat in Europæ sylvis,"""Central Sweden."" (Ellerman & Morrison-Scott, 1966) | ""Sweden"" (Holden, 2005) | ""Sweden (Upsala)"" (Thomas, 1911) | ""Sweden."" (Honacki, Kinman & Koeppl, 1982)",,,,Sweden,,,,,,Rodentia,Gliridae,Muscardinus,avellanarius,NA,,,,63230,1001530,"Linnaeus (1758:62, https://www.biodiversitylibrary.org/page/25033873) (information at https://hesperomys.com/a/57429) | Linnaeus (1766:83, https://www.biodiversitylibrary.org/page/42946279) (information at https://hesperomys.com/a/38438) | Berkenhout (1769:5, https://www.biodiversitylibrary.org/page/25813724) (information at https://hesperomys.com/a/68488) | Boddaert (1785:110, https://www.biodiversitylibrary.org/page/28230074) (information at https://hesperomys.com/a/35384) | Cuvier (1797:141, https://www.biodiversitylibrary.org/page/11637223) (information at https://hesperomys.com/a/38531) | Crespon (1844:61, https://www.biodiversitylibrary.org/page/52795671) (information at https://hesperomys.com/a/38970)",
100036067,Muscardinus avellanarius,aellanarius,Erxleben,1777,1,incorrect_subsequent_spelling,synonym,Sciurus aellanarius,Sciurus aellanarius,species,"Erxleben, J.C.P. 1777. Systema regni animalis per classes, ordines, genera, species, varietates cum synonymia et historia animalium. Classis I. Mammalia. Impensis Weygandianis, Leipzig, 636 pp.",NA,,Leipzig,electronic,433,https://www.biodiversitylibrary.org/item/53898,https://www.biodiversitylibrary.org/page/15873230,,,,,,,,,,,,,,Rodentia,Gliridae,Muscardinus,avellanarius,,"Mus avellanarius Linnaeus, 1758 [100021566]",,,107825,1001530,"Erxleben (1777:433, https://www.biodiversitylibrary.org/page/15873230) (information at https://hesperomys.com/a/36060)",
100053767,Muscardinus avellanarius,avellanarius,Borowski,1780,1,name_combination,synonym,Sciurus Avellanarius,Sciurus avellanarius,species,"Borowski, G.H. 1780. 3tes Stück. Pp. 1–78 in Borowski, G.H. Gemeinnüzzige Naturgeschichte des Thierreichs. Gottlieb August Lange, Berlin, not continuously paginated pp.",NA,,Berlin,electronic,49,https://www.biodiversitylibrary.org/page/28347057,https://www.biodiversitylibrary.org/page/28347105,,,,,,,,,,,,,,Rodentia,Gliridae,Muscardinus,avellanarius,,"Mus avellanarius Linnaeus, 1758 [100021566]",,,126969,1001530,"Borowski (1780:49, https://www.biodiversitylibrary.org/page/28347105) (information at https://hesperomys.com/a/67758)",
100021567,Muscardinus avellanarius,muscardinus,von Schreber,1782,1,available,synonym,Myoxus muscardinus,Myoxus muscardinus,species,"Schreber, J.C.D. von. 1782. pl. 227. P. pl. 227 in Schreber, J.C.D. von. 1774-1855. Die Säugthiere in Abbildungen nach der Natur, mit Beschreibungen. Walther, Erlangen.",NA,,Die Säugthiere in Abbildungen nach der Natur,electronic,pl. 227,https://www.biodiversitylibrary.org/page/31059572,https://www.biodiversitylibrary.org/page/31059572,,,,"""Germany."" (Ellerman & Morrison-Scott, 1966)",,,,Germany,,,,,,Rodentia,Gliridae,Muscardinus,avellanarius,NA,,,,63235,1001530,"Zimmermann (1783:159) (information at https://hesperomys.com/a/69242) | Gmelin (1788:156, https://www.biodiversitylibrary.org/page/25751376) (information at https://hesperomys.com/a/35943) | Kerr (1792:272, https://www.biodiversitylibrary.org/page/38664296) (information at https://hesperomys.com/a/36283) | Borkhausen (1797:71, https://www.biodiversitylibrary.org/page/38962579) (information at https://hesperomys.com/a/59275) | Daudin (1802:169, https://www.biodiversitylibrary.org/page/42033419) (information at https://hesperomys.com/a/64044) | Turton (1802:97, https://www.biodiversitylibrary.org/page/25772953) (information at https://hesperomys.com/a/69249) | Geoffroy Saint-Hilaire (1803:204) (information at https://hesperomys.com/a/19153) | Goldfuss (1809:129, https://www.biodiversitylibrary.org/page/47497963) (information at https://hesperomys.com/a/34654) | Muirhead (1819:434) (information at https://hesperomys.com/a/69481) | Nilsson (1820:182) (information at https://hesperomys.com/a/69318) | Ranzani (1820:421, https://www.biodiversitylibrary.org/page/27808001) (information at https://hesperomys.com/a/69425) | Goldfuss (1820:438) (information at https://hesperomys.com/a/41309) | Schinz (1821:282, https://www.biodiversitylibrary.org/page/51529043) (information at https://hesperomys.com/a/37604) | Lesson (1827:274, https://www.biodiversitylibrary.org/page/54207741) (information at https://hesperomys.com/a/36839) | Wagler (1830:19, https://www.biodiversitylibrary.org/page/38965765) (information at https://hesperomys.com/a/56273) | Melchior (1834:86) (information at https://hesperomys.com/a/68789) | Schinz (1837:19, https://www.biodiversitylibrary.org/page/13859855) (information at https://hesperomys.com/a/67792) | Gistel (1848:247, https://www.biodiversitylibrary.org/page/25781124) (information at https://hesperomys.com/a/69572) | Sclater (1872:68, https://www.biodiversitylibrary.org/page/17037845) (information at https://hesperomys.com/a/61617) | Schulze (1897:88) (information at https://hesperomys.com/a/60594) | Holden (2005) (information at https://hesperomys.com/a/8525)",
100033864,Muscardinus avellanarius,avellanarius,G. Fischer,1814,1,name_combination,synonym,Myoxus avellanarius,Myoxus avellanarius,species,"Fischer, G. 1814. Zoognosia. Volumen III. Quadrupeda reliqua. Ceti. Monotrymata. Nicolai Sergeidis Vsevolozsky, Moscow, 732 pp.",NA,,Moscow,electronic,vi,https://www.biodiversitylibrary.org/item/92551,https://www.biodiversitylibrary.org/page/29130067,,,,,,,,,,,,,,Rodentia,Gliridae,Muscardinus,avellanarius,,"Mus avellanarius Linnaeus, 1758 [100021566]",,,105163,1001530,"Fischer (1814:vi, https://www.biodiversitylibrary.org/page/29130067) (information at https://hesperomys.com/a/12226) | Voigt (1819:415) (information at https://hesperomys.com/a/69477) | Hemprich (1820:32) (information at https://hesperomys.com/a/69417) | Desmarest (1822:295, https://www.biodiversitylibrary.org/page/39521745) (information at https://hesperomys.com/a/36189) | Fischer (1829:309) (information at https://hesperomys.com/a/59856) | Eichwald (1831:372, https://www.biodiversitylibrary.org/page/35753037) (information at https://hesperomys.com/a/67585) | Cuvier (1833:446, https://www.biodiversitylibrary.org/page/26232919) (information at https://hesperomys.com/a/37101) | Baillon (1834:54, https://www.biodiversitylibrary.org/page/34171228) (information at https://hesperomys.com/a/67511) | S.D.W. (1836:72, https://www.biodiversitylibrary.org/page/2508315) (information at https://hesperomys.com/a/43690) | Nordmann (1839:54, https://www.biodiversitylibrary.org/page/63252014) (information at https://hesperomys.com/a/69245) | Cuvier (1842:4, https://www.biodiversitylibrary.org/page/44518527) (information at https://hesperomys.com/a/60227) | Lesson (1842:134) (information at https://hesperomys.com/a/36812) | Gistel (1848:246, https://www.biodiversitylibrary.org/page/25781123) (information at https://hesperomys.com/a/69572) | Gervais (1850:23, https://www.biodiversitylibrary.org/page/27348807) (information at https://hesperomys.com/a/61633) | Acloque (1900:43) (information at https://hesperomys.com/a/59737) | Lucifero (1907:49, https://www.biodiversitylibrary.org/page/32999717) (information at https://hesperomys.com/a/69042)",
100046216,Muscardinus avellanarius,avellanarius,Billberg,1827,1,name_combination,synonym,Myoxys avellanarius,Myoxys avellanarius,species,"Billberg, G.J. 1827. Synopsis faunæ scandinaviæ. Tom. I. Pars 1. Mammalia. Ordinum Equestrium, Stockholm, 55 pp.",NA,,Stockholm,electronic (incomplete),3,https://books.google.com/books?id=g3AFAAAAQAAJ,,,,,,,,,,,,,,,Rodentia,Gliridae,Muscardinus,avellanarius,,"Mus avellanarius Linnaeus, 1758 [100021566]",,,118225,1001530,Billberg (1827:3) (information at https://hesperomys.com/a/67228),
100035776,Muscardinus avellanarius,avellanarius,J. A. Wagner,1840,0,name_combination,synonym,Muscardinus avellanarius,Muscardinus avellanarius,species,"Wagner, J.A. 1840. Beschreibung einiger neuer Nager, welche auf der Reise des Herrn Hofraths v. Schubert gesammelt wurden, mit Bezugnahme auf einige andere verwandte Formen. Abhandlungen der Bayerischen Akademie der Wissenschaften 3:173-218.",NA,,Abhandlungen der Bayerischen Akademie der Wissenschaften,electronic,185,https://www.biodiversitylibrary.org/page/11357219,https://www.biodiversitylibrary.org/page/11357231,,,,,,,,,,,,,,Rodentia,Gliridae,Muscardinus,avellanarius,,"Mus avellanarius Linnaeus, 1758 [100021566]",,,107530,1001530,"Wagner (1840:185, https://www.biodiversitylibrary.org/page/11357231) (information at https://hesperomys.com/a/69196) | Giebel (1855:623, https://www.biodiversitylibrary.org/page/45548814) (information at https://hesperomys.com/a/38563) | Murray (1866:352, https://www.biodiversitylibrary.org/page/15580348) (information at https://hesperomys.com/a/39798) | Nehring (1903:187, https://www.biodiversitylibrary.org/page/7660716) (information at https://hesperomys.com/a/68561) | Miller (1912:583, https://www.biodiversitylibrary.org/page/8421902) (information at https://hesperomys.com/a/5948) | Ognëv (1913:255, https://www.biodiversitylibrary.org/page/14956627) (information at https://hesperomys.com/a/36183) | Shidlovskiy (1962:78) (information at https://hesperomys.com/a/68819) | Kurtén (1968:206) (information at https://hesperomys.com/a/5363) | Corbet & Hill (1980:185) (information at https://hesperomys.com/a/63069) | Honacki, Kinman & Koeppl (1982:562) (information at https://hesperomys.com/a/63071) | Corbet & Hill (1991:196) (information at https://hesperomys.com/a/63070) | Holden (1993:769) (information at https://hesperomys.com/a/69027) | Holden (2005) (information at https://hesperomys.com/a/8525) | O'Brien, Menninger & Nash (2006:314) (information at https://hesperomys.com/a/7321) | Gippoliti (2013:18) (information at https://hesperomys.com/a/25250) | Wilson, Lacher & Mittermeier (2016:854) (information at https://hesperomys.com/a/59599) | Mammal Diversity Database (2018:ID #13992) (information at https://hesperomys.com/a/67336) | Mammal Diversity Database (2019:ID #13992) (information at https://hesperomys.com/a/67337) | Mammal Diversity Database (2024, https://www.mammaldiversity.org/taxon/1001530) (information at https://hesperomys.com/a/67250) | International Union for the Conservation of Nature (2024, https://www.iucnredlist.org/species/13992/197519168) (information at https://hesperomys.com/a/67246)",
100021568,Muscardinus avellanarius,speciosus,Dehne,1855,1,available,synonym,Myoxus speciosus,Myoxus speciosus,species,,"Allgem. Deutsche Naturhist. Zeitung, 1: 180","""Allgem. Deutsche Naturhist. Zeitung, 1: 180"" (Ellerman & Morrison-Scott, 1966)",Allgemeine deutsche naturhistorische Zeitung,,180,,https://www.biodiversitylibrary.org/page/7209728,,,,"""Tursi, Basilicata, Italy."" (Ellerman & Morrison-Scott, 1966)",,,,Italy,Basilicata,,,,,Rodentia,Gliridae,Muscardinus,avellanarius,NA,,,,63238,1001530,Holden (2005) (information at https://hesperomys.com/a/8525),
100050579,Muscardinus avellanarius,avellenarius,E. Blyth,1863,1,incorrect_subsequent_spelling,synonym,Myoxus avellenarius,Myoxus avellenarius,species,"Blyth, E. 1863. Catalogue of the Mammalia in the Museum Asiatic Society. Savielle & Cranenburgh, Calcutta, 187 pp.",NA,,Calcutta,electronic,109,https://www.biodiversitylibrary.org/item/183042,https://www.biodiversitylibrary.org/page/47534790,,,,,,,,,,,,,,Rodentia,Gliridae,Muscardinus,avellanarius,,"Mus avellanarius Linnaeus, 1758 [100021566]",,,123079,1001530,"Blyth (1863:109, https://www.biodiversitylibrary.org/page/47534790) (information at https://hesperomys.com/a/37155)",
100021569,Muscardinus avellanarius,corilinum,Fatio,1869,1,not_used_as_valid,synonym,Mus corilinum,Mus corilinum,species,"Fatio, V. 1869. Faune des vertébrés de la Suisse. Volume I. Histoire naturelle des mammifères. H. Georg, Genève, 410 pp.",NA,,Genève,electronic,183,https://www.biodiversitylibrary.org/item/53272,https://www.biodiversitylibrary.org/page/15596680,,,,,,,,,,,,,,Rodentia,Gliridae,Muscardinus,avellanarius,NA,,,,63233,1001530,Holden (2005) (information at https://hesperomys.com/a/8525),
100021570,Muscardinus avellanarius,pulcher,Barrett-Hamilton,1898,0,available,synonym,Muscardinus pulcher,Muscardinus pulcher,species,"Barrett-Hamilton, G.E.H. 1898-11-01. Note on the European dormice of the genera _Muscardinus_ and _Glis_. Annals and Magazine of Natural History (7)2(11):423-426.",NA,,Annals and Magazine of Natural History,electronic,423,https://www.biodiversitylibrary.org/part/59962,https://www.biodiversitylibrary.org/page/19336216,,,"at Siena, in Italy","""Environs of Perugia, Italy. (Type in B.M. The original description says it came from Siena, where the dealer lived from whom it was purchased.)"" (Ellerman & Morrison-Scott, 1966) | ""Siena. Italy."" (Natural History Museum, 2014)",,,,Italy,Umbria,,BMNH:Mamm:1898.10.2.17,holotype,https://data.nhm.ac.uk/object/c60a2418-918f-49c9-9d32-f9da4b3134f2,Rodentia,Gliridae,Muscardinus,avellanarius,NA,,,,63237,1001530,"Miller (1912:590, https://www.biodiversitylibrary.org/page/8421909) (information at https://hesperomys.com/a/5948) | Holden (2005) (information at https://hesperomys.com/a/8525)",
100021571,Muscardinus avellanarius,anglicus,Barrett-Hamilton,1900,0,available,synonym,Muscardinus avellanarius anglicus,Muscardinus avellanarius anglicus,subspecies,"Barrett-Hamilton, G.E.H. 1900-06. Mr. G. E. H. Barrett-Hamilton, F.Z.S., exhibited some specimens of Dormice (_Muscardinus_), and made the following remarks. Proceedings of the Zoological Society of London 1900(1):85-87.",NA,,Proceedings of the Zoological Society of London,electronic,86,https://www.biodiversitylibrary.org/page/35994323,https://www.biodiversitylibrary.org/page/35994324,,,"Bedford Purlieus, Thornhaugh, N. E. Northants","""Bedford Purlieus, Thornhaugh, North East Northamptonshire"" (Natural History Museum, 2014) | ""Bedford Purlieus, Thornhaugh, Northamptonshire, England."" (Ellerman & Morrison-Scott, 1966)",,,,United Kingdom,England,Northamptonshire,BMNH:Mamm:1899.11.27.6,holotype,https://data.nhm.ac.uk/object/d459194d-3e28-4aa8-b8a8-2477fe311273,Rodentia,Gliridae,Muscardinus,avellanarius,NA,,,,63232,1001530,Holden (2005) (information at https://hesperomys.com/a/8525),
100021572,Muscardinus avellanarius,trapezius,G. S. Miller,1908,0,available,synonym,Muscardinus trapezius,Muscardinus trapezius,species,"Miller, G.S., Jr. 1908-01-01. Two new mammals from Asia Minor. Annals and Magazine of Natural History (8)1(1):68-70.",NA,,Annals and Magazine of Natural History,electronic,69,https://www.biodiversitylibrary.org/page/24295767,https://www.biodiversitylibrary.org/page/24295768,,,"Khotz, near Trebizond, Turkey in Asia","""Khotz (= Çosandere), Trabzon, Turkey."" (Kryštufek & Vohralík, 2009) | ""Khotz, Trebizond, Northern Asia Minor. A valid race, with relatively small bullae."" (Ellerman & Morrison-Scott, 1966) | ""Khotz, near Trebizond, 15200 m. N.Asia Minor."" (Natural History Museum, 2014)",,,,Turkey,,,BMNH:Mamm:1906.5.1.40,holotype,https://data.nhm.ac.uk/object/8d34bfb9-ecdf-41ba-800e-8102d81b5f64,Rodentia,Gliridae,Muscardinus,avellanarius,NA,,,,63239,1001530,Holden (2005) (information at https://hesperomys.com/a/8525),
100021573,Muscardinus avellanarius,niveus,Altobello,1920,0,available,synonym,Muscardinus avellanarius niveus,Muscardinus avellanarius niveus,subspecies,,"Fauna dell' Abruzzo e del Molisc, Mamm. j, Rodentia: 27.","""Fauna dell' Abruzzo e del Molisc, Mamm. j, Rodentia: 27."" (Ellerman & Morrison-Scott, 1966)",book,,27,,,,,,"""Abruzzi e Molise, Italy."" (Ellerman & Morrison-Scott, 1966)",,,,Italy,,,,,,Rodentia,Gliridae,Muscardinus,avellanarius,NA,,,,63236,1001530,Holden (2005) (information at https://hesperomys.com/a/8525),
100032771,Muscardinus avellanarius,mustairensis,von Burg,1921,0,available,synonym,Muscardinus avellanarius mustairensis,Muscardinus avellanarius mustairensis,subspecies,,"von Burg, G. 1921. Münstertaler Haselmäuse. Der Weidmann, Jahrg. 1921, no. 3, p. 6. January 20, 1921.",,Der Weidmann Bulach,,6,,,,,,"""[Münstertal, according to the title. This is presumably the Münstertal valley in Graubünden (Switzerland) and Südtirol (Italy).]"" (Anonymous, 1921)",,,,Europe,,,,,,Rodentia,Gliridae,Muscardinus,avellanarius,,,,,78099,1001530,,
100021574,Muscardinus avellanarius,zeus,Chaworth-Musters,1932,0,available,synonym,Muscardinus avellanarius zeus,Muscardinus avellanarius zeus,subspecies,"Chaworth-Musters, J.L. 1932-02-01. A contribution to our knowledge of the mammals of Macedonia and Thessaly. Annals and Magazine of Natural History (10)9(50):166-171.",NA,,Annals and Magazine of Natural History,electronic,170,https://doi.org/10.1080/00222933208673483,,,,"East slope of Mt. Olympus, Thessaly, 800 m.","""East slope Mount Olympus"" (Natural History Museum, 2014) | ""Eastern slope Mt. Olympus, Thessaly, 800 m. Greece. This seems to be based on a form which resembles trapezius in its small bullae."" (Ellerman & Morrison-Scott, 1966)",,,,Greece,Thessaly,,BMNH:Mamm:1931.11.11.55,holotype,https://data.nhm.ac.uk/object/3892b920-de99-490d-a0a1-781528a5a7f4,Rodentia,Gliridae,Muscardinus,avellanarius,NA,,,,63240,1001530,Holden (2005) (information at https://hesperomys.com/a/8525),
100021575,Muscardinus avellanarius,kroecki,Niethammer & L. Bohmann,1950,0,available,synonym,Muscardinus avellanarius kroecki,Muscardinus avellanarius kroecki,subspecies,,"Neue Ergebnisse und Probleme der Zoologie (Klatt-Festschrift), Leipzig, p. 661",,Leipzig,,661,,,,,,"""Vitosa, 10 km S. of Sofia, Bulgaria (1500 m)"" (Corbet, 1978) | ""Vitosa, 1500 m, 10 km S Sofia, Bulgaria"" (Hutterer & Peters, 2010)",,,,Bulgaria,,,ZFMK:Mamm:1974.272,holotype,,Rodentia,Gliridae,Muscardinus,avellanarius,NA,,,,63234,1001530,Holden (2005) (information at https://hesperomys.com/a/8525),
100021576,Muscardinus avellanarius,abanticus,Kıvanç,1983,0,available,synonym,Muscardinus avellanarius abanticus,Muscardinus avellanarius abanticus,subspecies,"Kıvanç, E. 1983. Die Haselmaus, _Muscardinus avellanarius_ L., in der Türkei. Bonner zoologische Beiträge 34(4):419-428.",NA,,Bonner zoologische Beiträge,electronic,421,https://www.biodiversitylibrary.org/part/119309,https://www.biodiversitylibrary.org/page/44720291,,,"Soğuksu, 1100 m, Abant See, Türkei","""Abant Gölü, Bolu, Turkey."" (Kryštufek & Vohralík, 2009)",,,,Turkey,,,UAnk AFFBB 9274,holotype,,Rodentia,Gliridae,Muscardinus,avellanarius,NA,,,,63231,1001530,Holden (2005) (information at https://hesperomys.com/a/8525),
100052384,Muscardinus avellanarius,speciosus,Gippoliti,2013,0,name_combination,synonym,Muscardinus speciosus,Muscardinus speciosus,species,"Gippoliti, S. 2013. Checklist delle specie dei mammiferi italiani (esclusi Mysticeti e Odontoceti): un contributo per la conservazione della biodiversità. Bollettino del Museo Civico di Storia Naturale di Verona 37:7-28.",NA,,Bollettino del Museo Civico di Storia Naturale di Verona,electronic,18,,,,,,,,,,,,,,,,Rodentia,Gliridae,Muscardinus,avellanarius,,"Myoxus speciosus Dehne, 1855 [100021568]",,,125079,1001530,Gippoliti (2013:18) (information at https://hesperomys.com/a/25250),
100021577,Myomimus personatus,personatus,Ognev,1924,0,available,species,Myomimus personatus,Myomimus personatus,species,,"Priroda Okhota Ukraine [Nat. and Hunting in Ukraine], Kharkov, vol. 1-2, 115","""Nature & Sport in Ukraine, Kharkov, i."" (Ellerman & Morrison-Scott, 1966) | ""Priroda Okhota Ukraine [Nat. and Hunting in Ukraine], Kharkov, 1-2:115"" (Holden, 2005) | ""Priroda Okhota Ukraine [Nat. and Hunting in Ukraine], Kharkov, 1-2:115."" (Honacki, Kinman & Koeppl, 1982) | ""Priroda Okhota Ukraine [Nat. and Hunting in Ukraine], Kharkov, 1-2:115."" (Holden, 1993) | ""С. И. О г н е в, Замечательный зверок. Природа и Охота на Украине, 1—2, стр. 115-116."" (Ognëv & Geptner, 1929)",Природа и Охота на Украине,,116,,,,"along the Sumbar River, near Kaine-Kassyr, W Kopet Dag Mts, SW Turkmenistan.",,"""Near Kaine-Kassir post on the Turkmenian-Persian frontier."" (Ellerman & Morrison-Scott, 1966) | ""Turkmenistan, Koppeh-Dagh Mtns, near Kaine-Kassyr on the Sumbar River, Turkmenistan-Iran border"" (Holden, 2005) | ""U.S.S.R., Turkmenistan, Kopet Dagh Mtns., Kaine-Kassyr."" (Honacki, Kinman & Koeppl, 1982) | ""«Kayne-Kassyr on Sumbar R., Turkmenia» [Akhalskiy Vel., Turkmenistan]."" (Borisenko, Vasil'yeva, Verigina, Dunayev, Kalyakin, Koblik, Kruskop, Orlova, Pavlinov, Red'kin, Sazonov, Spasskaya & Tomkovich, 2001)",,,,Turkmenistan,,,ZMMU S-4310,holotype,https://zmmu.msu.ru/dbs/list_record.php?id=S-4310,Rodentia,Gliridae,Myomimus,personatus,NA,,,,63504,1001531,"Van de Weerd (1976:147) (information at https://hesperomys.com/a/7521) | Corbet & Hill (1980:186) (information at https://hesperomys.com/a/63069) | Honacki, Kinman & Koeppl (1982:562) (information at https://hesperomys.com/a/63071) | Corbet & Hill (1991:197) (information at https://hesperomys.com/a/63070) | Holden (1993:768) (information at https://hesperomys.com/a/69027) | Holden (2005) (information at https://hesperomys.com/a/8525) | O'Brien, Menninger & Nash (2006:318) (information at https://hesperomys.com/a/7321) | Wilson, Lacher & Mittermeier (2016:856) (information at https://hesperomys.com/a/59599) | Mammal Diversity Database (2018:ID #14088) (information at https://hesperomys.com/a/67336) | Mammal Diversity Database (2019:ID #14088) (information at https://hesperomys.com/a/67337) | Mammal Diversity Database (2024, https://www.mammaldiversity.org/taxon/1001531) (information at https://hesperomys.com/a/67250) | International Union for the Conservation of Nature (2024, https://www.iucnredlist.org/species/14088/22222124) (information at https://hesperomys.com/a/67246)",
100021578,Myomimus roachi,roachi,Bate,1937,1,available,species,Philistomys roachi,Philistomys roachi,species,"Bate, D.M.A. 1937-09-01. New Pleistocene mammals from Palestine. Annals and Magazine of Natural History (10)20(117):397-400.",NA,,Annals and Magazine of Natural History,electronic,399,https://doi.org/10.1080/00222933708655355,,,"late Pleistocene sediments in Tabun Cave, Mount Carmel, northern Israel.","Tabūn Cave, Levels F to D","""Israel, Mt Carmel, Tabun Cave, upper Pleistocene layers"" (Holden, 2005) | ""Israel, Mt. Carmel, Tabun Cave, upper Pleistocene layers."" (Honacki, Kinman & Koeppl, 1982)",,,,Israel,,,BMNH:PV:M 15279,holotype,,Rodentia,Gliridae,Myomimus,roachi,NA,,,,63506,1001532,,
100032372,Myomimus roachi,judaicus,Tchernov,1968,0,available,synonym,Myomimus judaicus,Myomimus judaicus,species,,"TCHERNOV, E. 1968. A pleistocene faunule from a karst fissure filling near Jerusalem, Israel. Verh. naturforsch. Ges. Basel, 79: 161-185.",,Verhandlungen der Naturforschenden Gesellschaft in Basel,,161-185,,,,,,"""Givet Shaul (Israel), Pleistocene"" (Daams, 1981)",,,,Israel,,,,,,Rodentia,Gliridae,Myomimus,roachi,,,,,63508,1001532,,
100035783,Myomimus roachi,roachi,J. Heller,1970,0,name_combination,synonym,Myomimus roachi,Myomimus roachi,species,"Heller, J. 1970. The small mammals of the Geula Cave. Israel Journal of Zoology 19(1):1-49.",NA,,Israel Journal of Zoology,electronic,24,https://doi.org/10.1080/00212210.1970.10688302,,,,,,,,,,,,,,,Rodentia,Gliridae,Myomimus,roachi,,"Philistomys roachi Bate, 1937 [100021578]",,,107537,1001532,"Heller (1970:24) (information at https://hesperomys.com/a/68326) | Corbet & Hill (1980:186) (information at https://hesperomys.com/a/63069) | Honacki, Kinman & Koeppl (1982:562) (information at https://hesperomys.com/a/63071) | Corbet & Hill (1991:197) (information at https://hesperomys.com/a/63070) | Holden (1993:768) (information at https://hesperomys.com/a/69027) | Holden (2005) (information at https://hesperomys.com/a/8525) | Hordijk & De Bruijn (2009:66) (information at https://hesperomys.com/a/6470) | Wilson, Lacher & Mittermeier (2016:854) (information at https://hesperomys.com/a/59599) | Mammal Diversity Database (2018:ID #14087) (information at https://hesperomys.com/a/67336) | Mammal Diversity Database (2019:ID #14087) (information at https://hesperomys.com/a/67337) | Mammal Diversity Database (2024, https://www.mammaldiversity.org/taxon/1001532) (information at https://hesperomys.com/a/67250) | International Union for the Conservation of Nature (2024, https://www.iucnredlist.org/species/14087/90688844) (information at https://hesperomys.com/a/67246)",
100021579,Myomimus roachi,bulgaricus,Rossolimo,1976,0,available,synonym,Myomimus bulgaricus,Myomimus bulgaricus,species,"Rossolimo, O.L. 1976. Систематическое положение мышевидной сони _Myomimus_ (Mammalia, Myoxidae) из Болгарии. Зоологический Журнал 55(10):1515-1525.",NA,,Зоологический Журнал,electronic,1520,https://zmmu.msu.ru/dbs/pdf/m_bulgaricus.pdf,,,,"Свиленград, юго-восточная Болгария","""«Svilengrad, south-eastern Bulgaria»."" (Borisenko, Vasil'yeva, Verigina, Dunayev, Kalyakin, Koblik, Kruskop, Orlova, Pavlinov, Red'kin, Sazonov, Spasskaya & Tomkovich, 2001)",,,,Bulgaria,,,ZMMU S-84954,holotype,https://zmmu.msu.ru/dbs/list_record.php?id=S-84954,Rodentia,Gliridae,Myomimus,roachi,NA,,,,63507,1001532,Holden (2005) (information at https://hesperomys.com/a/8525),
100021580,Myomimus setzeri,setzeri,Rossolimo,1976,0,available,species,Myomimus setzeri,Myomimus setzeri,species,"Rossolimo, O.L. 1976. _Myomimus setzeri_ (Mammalia, Myoxidae), a new species of mouse-like dormouse from Iran. Vestnik zoologii 1976(4):51-53.",NA,,Vestnik zoologii,electronic,51,http://mail.izan.kiev.ua/vz-pdf/1976/4/VZ%201976-4-08-Rossolimo.pdf,,,"4 km west of Bane, Kordestan Province, western Iran.",[4 km zapadneye punkta Bane (Kurdistan)],"""Asia, Iran, Kordestan ... Banch, 4 km W"" (Anonymous, 2018) | ""Four kilometers West Branch, Kordistan Province, Iran"" (Fisher & Ludwig, 2012) | ""Iran, Kordestan Prov., 4 km W of Bane"" (Holden, 2005) | ""Iran, Kurdistan, 4 km W. of Bane."" (Honacki, Kinman & Koeppl, 1982)",,,,Iran,,,USNM:MAMM:369888,holotype,http://n2t.net/ark:/65665/332aafacb-684a-434e-ab4d-442d951e0714,Rodentia,Gliridae,Myomimus,setzeri,NA,,,,63509,1001533,"Honacki, Kinman & Koeppl (1982:562) (information at https://hesperomys.com/a/63071) | Corbet & Hill (1991:197) (information at https://hesperomys.com/a/63070) | Holden (1993:768) (information at https://hesperomys.com/a/69027) | Holden (2005) (information at https://hesperomys.com/a/8525) | Wilson, Lacher & Mittermeier (2016:855) (information at https://hesperomys.com/a/59599) | Mammal Diversity Database (2018:ID #14089) (information at https://hesperomys.com/a/67336) | Mammal Diversity Database (2019:ID #14089) (information at https://hesperomys.com/a/67337) | Mammal Diversity Database (2024, https://www.mammaldiversity.org/taxon/1001533) (information at https://hesperomys.com/a/67250) | International Union for the Conservation of Nature (2024, https://www.iucnredlist.org/species/14089/22222049) (information at https://hesperomys.com/a/67246)",
100021582,Selevinia betpakdalaensis,paradoxa,Argyropulo & Vinogradov,1939,0,available,synonym,Selevinia paradoxa,Selevinia paradoxa,species,,"Priroda, Mosk. No. i: 81-83 [N.V.].",,Priroda,,81-83,,,,,,"""Betpakdala Desert"" (Corbet, 1978) | ""Betpakdala, U.S.S.R. (fide Bashanov, B. S. & Belosludov, B. A., J. Mammal. 1941, 22: 312)."" (Ellerman & Morrison-Scott, 1966)",,,,Kazakhstan,,,,,,Rodentia,Gliridae,Selevinia,betpakdalaensis,NA,,,,63591,1001534,Holden (2005) (information at https://hesperomys.com/a/8525),
100021581,Selevinia betpakdalaensis,betpakdalaensis,Beloslyudov & Bazhanov,1939,0,available,species,Selevinia betpakdalaensis,Selevinia betpakdalaensis,species,"Beloslyudov, B.A. and Bazhanov, V.S. 1939. Новый род и вид грызуна из Центрального Казахстана. Ученые записки Казахского государственного университета 1(1):81-86.",NA,"""Uchen. Zap. Kazak. Univ. Alma-Ata, Biol. 1: 81."" (Ellerman & Morrison-Scott, 1966)",Ученые записки Казахского государственного университета,electronic,81,,,,"Kyzyl-Ui, Betpak-Dala Desert, southern Kazakhstan.","Северная часть Бетпак-дала, урочище Кзыл-Уй","""Betpakdala Desert, Kazakstan."" (Ellerman & Morrison-Scott, 1966) | ""S Kazakhstan, N Betpak-Dala Desert, Kyzyl-Ui"" (Holden, 2005) | ""U.S.S.R., S. Kazakhstan, N. Betpak-Dala Desert, Kyzyl-Ui."" (Honacki, Kinman & Koeppl, 1982)",,,,Kazakhstan,,,IZK (number not known),holotype,,Rodentia,Gliridae,Selevinia,betpakdalaensis,NA,,,,63590,1001534,"Honacki, Kinman & Koeppl (1982:562, 563) (information at https://hesperomys.com/a/63071) | Corbet & Hill (1991:197) (information at https://hesperomys.com/a/63070) | Holden (1993:768) (information at https://hesperomys.com/a/69027) | Holden (2005) (information at https://hesperomys.com/a/8525) | Wilson, Lacher & Mittermeier (2016:856) (information at https://hesperomys.com/a/59599) | Mammal Diversity Database (2018:ID #400000438) (information at https://hesperomys.com/a/67336) | Mammal Diversity Database (2019:ID #400000438) (information at https://hesperomys.com/a/67337) | Mammal Diversity Database (2024, https://www.mammaldiversity.org/taxon/1001534) (information at https://hesperomys.com/a/67250) | International Union for the Conservation of Nature (2024, https://www.iucnredlist.org/species/20102/115156769) (information at https://hesperomys.com/a/67246)",
100031960,Selevinia betpakdalaensis,betpakdalensis,Corbet & J. Edwards Hill,1980,0,incorrect_subsequent_spelling,synonym,Selevinia betpakdalensis,Selevinia betpakdalensis,species,"Corbet, G.B. and Hill, J.E. 1980. A World List of Mammalian Species. British Museum (Natural History), London, 226 pp.",NA,,London,electronic,186,,,,,,,,,,,,,,,,Rodentia,Gliridae,Selevinia,betpakdalaensis,,"Selevinia betpakdalaensis Beloslyudov & Bazhanov, 1939 [100021581]",,,77686,1001534,Corbet & Hill (1980:186) (information at https://hesperomys.com/a/63069),
